1,89.199997,89.800003,88.300003,89.050003,76.469933,13834295,2015-08-14
2,89.050003,92,86.900002,91.650002,78.702637,22197833,2015-08-17
3,92.349998,99.650002,92.150002,97.300003,83.554451,43015455,2015-08-18
4,96.849998,99.150002,95.25,95.449997,81.965813,24217851,2015-08-19
5,95.650002,97.800003,94.949997,95.599998,82.09462,18647316,2015-08-20
6,93.949997,95.5,92.449997,95.099998,81.66526,12997813,2015-08-21
7,90.900002,91.650002,81.050003,84.449997,72.519775,22241715,2015-08-24
8,85.550003,88,77.849998,86.5,74.280167,31007018,2015-08-25
9,86.5,89.099998,83.900002,87.5,75.138901,22066550,2015-08-26
10,90,91.900002,89.199997,91.5,78.573822,23150418,2015-08-27
11,93.25,94.25,91.400002,92.150002,79.131989,17021876,2015-08-28
12,92.400002,93.449997,89.849998,90.300003,77.54335,13482019,2015-08-31
13,90.300003,92.199997,84.5,87.449997,75.095955,26892860,2015-09-01
14,89.150002,89.699997,85.5,85.949997,73.807861,15855837,2015-09-02
15,87,88.400002,86.75,87.650002,75.267708,12620802,2015-09-03
16,89,89.75,84.199997,85,72.992073,22421978,2015-09-04
17,85.5,85.900002,80.650002,81.949997,70.372948,21329828,2015-09-07
18,82,83.550003,80.599998,82,70.415878,28590049,2015-09-08
19,83.800003,87.949997,83,87.5,75.138901,24786584,2015-09-09
20,85,87.650002,84.099998,87.25,74.924225,18529069,2015-09-10
21,88.699997,90.5,87.199997,87.699997,75.310646,20625369,2015-09-11
22,88.349998,89.849998,87.699997,89.5,76.856354,11357209,2015-09-14
23,89.599998,89.949997,86.599998,87.050003,74.752472,11417644,2015-09-15
24,88.349998,88.599998,86.400002,87.199997,74.881279,8721283,2015-09-16
25,88.800003,89.900002,87.650002,87.949997,75.525322,12120781,2015-09-18
26,87.199997,88.599998,87,88.150002,75.697067,8831799,2015-09-21
27,89.050003,92.300003,88,88.800003,76.255257,31852686,2015-09-22
28,87.949997,91.099998,87.25,90.599998,77.800972,13843753,2015-09-23
29,90.800003,91.900002,90.050003,91.099998,78.230331,14527450,2015-09-24
30,91.849998,92.900002,90.349998,90.550003,77.758026,11532538,2015-09-28
31,89.300003,91.75,87.5,90.699997,77.886833,16672596,2015-09-29
32,91.449997,92.5,91.199997,92.25,79.217865,12243220,2015-09-30
33,93.449997,94.900002,92.800003,94.25,80.935326,20135688,2015-10-01
34,95.300003,96.199997,93.900002,94.699997,81.321754,15570012,2015-10-05
35,95.349998,95.449997,94.050003,94.349998,81.021202,14090570,2015-10-06
36,94.5,94.5,92.800003,93.050003,79.904861,16386172,2015-10-07
37,93.75,93.800003,91,91.650002,78.702637,11058934,2015-10-08
38,92.25,92.900002,91.150002,92.199997,79.174927,10328236,2015-10-09
39,92.5,94.349998,92.199997,93.849998,80.591835,11276855,2015-10-12
40,94.300003,95.099998,93.300003,94.050003,80.763588,11328620,2015-10-13
41,93.900002,95.099998,93.650002,94.849998,81.450562,11725205,2015-10-14
42,95.650002,95.75,94.699997,95,81.579376,10537004,2015-10-15
43,95.300003,96.5,94.900002,96.150002,82.566917,9945773,2015-10-16
44,96.349998,96.800003,95.699997,96.050003,82.481064,7268779,2015-10-19
45,95.900002,97.199997,95.75,96.25,82.652794,9611736,2015-10-20
46,96.5,97.199997,94.699997,95.800003,82.266373,9529194,2015-10-21
47,96.699997,96.699997,94.599998,95,81.579376,9576721,2015-10-23
48,95.449997,95.449997,92.25,92.699997,79.604294,8421351,2015-10-26
49,92.449997,93.75,91.199997,92.900002,79.776039,9026784,2015-10-27
50,93,93.099998,90.800003,91,78.144455,17677356,2015-10-28
51,90.949997,94.099998,89.5,93.800003,80.548912,11474771,2015-10-29
52,94,95.050003,92.699997,93.699997,80.463036,14007650,2015-10-30
53,94,94.650002,89.300003,90.300003,77.54335,18444976,2015-11-02
54,90.5,91.099998,89.199997,90.300003,77.54335,15006331,2015-11-03
55,91.800003,93.5,91.5,92.199997,79.174927,19743368,2015-11-04
56,91,91.5,86.400002,86.800003,74.537796,47761162,2015-11-05
57,85.599998,87.949997,84.099998,87.599998,75.224777,18725081,2015-11-06
58,83,89.5,82.75,88.949997,76.384048,13643273,2015-11-09
59,88.699997,90.199997,88.25,89.5,76.856354,9965775,2015-11-10
60,90.5,91.400002,89.599998,90.300003,77.54335,15518414,2015-11-13
61,90.300003,91.150002,90,90.699997,77.886833,7951538,2015-11-16
62,90.949997,92.449997,90.800003,91.949997,78.960251,13325472,2015-11-17
63,92.300003,92.849998,91.25,91.699997,78.745567,9202923,2015-11-18
64,92.900002,93.400002,91.949997,93.099998,79.947792,8910808,2015-11-19
65,93,93.900002,92.5,93.650002,80.42009,10688133,2015-11-20
66,93.650002,96.349998,93.650002,96.099998,82.523979,14312578,2015-11-23
67,96.25,96.800003,94.300003,94.800003,81.407631,10695107,2015-11-24
68,94.900002,95.5,93.650002,94.099998,80.806519,19628662,2015-11-26
69,97,98,95.5,97.599998,83.81208,19926585,2015-11-27
70,98.400002,99.650002,92.849998,94.400002,81.06414,133420725,2015-11-30
71,95.5,95.5,93,93.400002,80.205414,20979908,2015-12-01
72,93.5,93.949997,92.099998,92.849998,79.733109,18001146,2015-12-02
73,92.5,93.300003,91.550003,91.949997,78.960251,14427086,2015-12-03
74,91.900002,92.900002,90.050003,90.25,77.500404,16631397,2015-12-04
75,91,91.349998,89.349998,90.050003,77.328667,8784251,2015-12-07
76,90.099998,91.25,89.300003,89.599998,76.942245,11658924,2015-12-08
77,89.550003,89.800003,86.25,86.550003,74.323112,10153695,2015-12-09
78,87.199997,89.400002,85.800003,89.099998,76.512863,11833263,2015-12-10
79,89.75,89.75,85.150002,86.349998,74.15136,13265498,2015-12-11
80,85.5,87.150002,84.699997,86.050003,73.893745,9519393,2015-12-14
81,86.5,87.650002,85.849998,87.300003,74.967155,8691067,2015-12-15
82,87.849998,89.150002,87.199997,88.099998,75.654129,9014842,2015-12-16
83,88.949997,89.449997,87.900002,89.199997,76.59874,5855160,2015-12-17
84,88.5,90.849998,88.5,89.650002,76.985168,15298271,2015-12-18
85,89.599998,90.449997,88.650002,89.349998,76.727547,4709638,2015-12-21
86,89.800003,89.900002,88.099998,88.400002,75.911766,4712887,2015-12-22
87,88.849998,88.849998,87.400002,87.900002,75.482391,5069081,2015-12-23
88,88.400002,88.449997,87.300003,87.900002,75.482391,4177296,2015-12-24
89,88.300003,89.5,87.75,88.949997,76.384048,5336683,2015-12-28
90,89.449997,89.949997,88.800003,89.75,77.071045,7522421,2015-12-29
91,90,90.550003,89.25,89.5,76.856354,4351143,2015-12-30
92,89.599998,90.050003,87.699997,87.900002,75.482391,8625067,2015-12-31
93,87.849998,89,87.599998,88.800003,76.255257,3473648,2016-01-01
94,90.75,92.300003,90.199997,92,79.003189,17502163,2016-01-04
95,93,93.349998,92.349998,93.099998,79.947792,10380113,2016-01-05
96,93.25,94.150002,92.050003,92.699997,79.604294,8151682,2016-01-06
97,91.900002,92.400002,90.349998,91.349998,78.445023,9414939,2016-01-07
98,92.099998,92.599998,90.300003,90.75,77.929779,6963108,2016-01-08
99,92,92.900002,90.300003,92.400002,79.346687,9615889,2016-01-11
100,93.349998,93.949997,91.199997,92.099998,79.089066,6568778,2016-01-12
101,93.050003,93.199997,86.400002,90.199997,77.457474,11681049,2016-01-13
102,88,90.75,87.150002,88.599998,76.083504,8154318,2016-01-14
103,89.300003,89.650002,84.5,85.099998,73.077934,6945294,2016-01-15
104,85.199997,85.349998,81.5,83.099998,71.360481,13401345,2016-01-18
105,83.400002,87.150002,83.300003,86.800003,74.537796,11441816,2016-01-19
106,85.300003,85.699997,82.099998,83.449997,71.661041,9819841,2016-01-20
107,85,85.25,82.25,83.599998,71.789848,7742611,2016-01-21
108,85,86.5,84.199997,85.699997,73.593185,7579720,2016-01-22
109,86.900002,87.25,86.099998,86.75,74.49485,6908496,2016-01-25
110,87.199997,88.800003,85.800003,88.300003,75.82589,10218006,2016-01-27
111,88.5,89.5,87.699997,88.150002,75.697067,11485187,2016-01-28
112,88.400002,89.900002,87.75,89.599998,76.942245,6357193,2016-01-29
113,89.800003,92.5,89.599998,91.5,78.573822,11659536,2016-02-01
114,91.800003,93,90,90.5,77.715088,6964213,2016-02-02
115,88.550003,89.900002,85.650002,86.849998,74.580727,9216469,2016-02-03
116,88.300003,89.199997,86.800003,87.599998,75.224777,9110003,2016-02-04
117,88.050003,91.099998,87.650002,90.599998,77.800972,8355455,2016-02-05
118,90.849998,92.449997,88.650002,89.199997,76.59874,6311100,2016-02-08
119,88,89.099998,86.800003,88.25,75.782951,6688529,2016-02-09
120,87.800003,88.199997,85.349998,87.349998,75.010086,8182342,2016-02-10
121,87.949997,88,77.699997,80.900002,69.471283,17442913,2016-02-11
122,84.5,84.5,80.349998,83.199997,71.44635,19614698,2016-02-12
123,85,90,84.699997,89.650002,76.985168,12444831,2016-02-15
124,90.5,91,86.900002,87.25,74.924225,8551128,2016-02-16
125,87.5,90.5,85.099998,90,77.285728,11233960,2016-02-17
126,90.900002,91.099998,86.75,89.800003,77.113983,9993452,2016-02-18
127,89.349998,91.5,88.849998,91.199997,78.316193,8183697,2016-02-19
128,91.900002,92.699997,91.300003,92.199997,79.174927,8514736,2016-02-22
129,92.349998,92.599998,88.849998,89.199997,76.59874,10340834,2016-02-23
130,88.550003,89.199997,87.25,87.5,75.138901,10772885,2016-02-24
131,88,88.25,85.75,85.949997,73.807861,12736836,2016-02-25
132,87.400002,87.599998,84.849998,85.550003,73.464371,9116692,2016-02-26
133,85.849998,89,84.449997,87.650002,75.267708,16275473,2016-02-29
134,88.199997,91.349998,88.199997,91.050003,78.187393,17582988,2016-03-01
135,92.5,94.349998,92,93.449997,80.248344,12440686,2016-03-02
136,94.199997,95.050003,92.300003,94.25,80.935326,10892546,2016-03-03
137,94.849998,94.849998,92.849998,93.550003,80.334213,6650601,2016-03-04
138,93.849998,93.949997,90.949997,91.949997,78.960251,10204487,2016-03-08
139,91.199997,97.449997,90.900002,97.150002,83.425644,20873331,2016-03-09
140,97.599998,98,95.300003,96.550003,82.910408,16263753,2016-03-10
141,96.050003,98.5,95.75,97.099998,83.382713,15493557,2016-03-11
142,97.900002,98.150002,96.550003,97.199997,83.468582,8370894,2016-03-14
143,97.449997,97.650002,95,95.949997,82.395164,7163013,2016-03-15
144,96,96.949997,94.199997,96.25,82.652794,7989075,2016-03-16
145,97,97.849998,94.800003,95.25,81.79406,7773639,2016-03-17
146,96,97.900002,95,97.300003,83.554451,8703710,2016-03-18
147,97.5,103.449997,97.449997,103.050003,88.492157,29375155,2016-03-21
148,103.949997,104.75,102.050003,103.5,88.878578,19537935,2016-03-22
149,103.949997,106.400002,103.099998,106,91.025398,16253835,2016-03-23
150,106.550003,107.349998,103.349998,104.75,89.951996,14057333,2016-03-28
151,105.400002,108.150002,104.699997,106.650002,91.583595,15694762,2016-03-29
152,108,108.650002,107.150002,108.050003,92.78582,9151838,2016-03-30
153,108.949997,109.400002,106.949997,108.599998,93.25811,15686326,2016-03-31
154,108.400002,110.849998,107.800003,110.25,94.675018,11800622,2016-04-01
155,111,111,109.400002,110.099998,94.546204,6908274,2016-04-04
156,109,110.5,108.050003,108.75,93.386925,9662126,2016-04-05
157,109,109.300003,106.099998,107.550003,92.356445,10307969,2016-04-06
158,107.550003,108.849998,106.199997,106.949997,91.841194,6203145,2016-04-07
159,106.349998,107.599998,106.349998,107.050003,91.927078,6460136,2016-04-08
160,107.900002,110.25,106.699997,109.75,94.245651,10123415,2016-04-11
161,110.650002,112.800003,110.050003,111.349998,95.619614,14630480,2016-04-12
162,112.5,112.900002,110,110.349998,94.76088,19080996,2016-04-13
163,109.25,111.199997,108.300003,109.300003,93.859215,7797964,2016-04-18
164,109.199997,110.050003,107,108.150002,92.871681,9870230,2016-04-20
165,108.5,108.949997,105.800003,106.550003,91.497704,11429362,2016-04-21
166,106.550003,106.699997,104.900002,105.349998,90.467232,9210327,2016-04-22
167,105.400002,107.449997,105.349998,105.949997,90.982475,8358351,2016-04-25
168,105.300003,107,105.099998,106.800003,91.712395,6925737,2016-04-26
169,107.650002,109.25,107.300003,107.949997,92.699928,8961742,2016-04-27
170,107.949997,108.199997,105.150002,105.400002,90.510162,11141016,2016-04-28
171,106,107.25,104.400002,106.800003,91.712395,9141440,2016-04-29
172,106.900002,108.150002,105.150002,105.949997,90.982475,11259593,2016-05-02
173,106.949997,107.400002,104.699997,105.050003,90.209618,7052234,2016-05-03
174,104.800003,104.800003,101.550003,102,87.590477,6354187,2016-05-04
175,101.949997,103.599998,100.599998,102.800003,88.277466,7228906,2016-05-05
176,102.400002,104.599998,101.599998,104.150002,89.436768,5953185,2016-05-06
177,104.75,105.5,104.400002,104.800003,89.994934,5190590,2016-05-09
178,104.949997,105.5,103.099998,105.25,90.381363,8355266,2016-05-10
179,104,104.800003,102.849998,104.199997,89.479683,4750794,2016-05-11
180,104.199997,105,103.599998,104.150002,89.436768,3361288,2016-05-12
181,104,104.400002,102.300003,102.849998,88.320412,4318758,2016-05-13
182,102.900002,103.75,102.300003,103.5,88.878578,4107253,2016-05-16
183,104.050003,104.050003,102.699997,102.900002,88.36335,4132667,2016-05-17
184,102.199997,102.800003,100.650002,102.199997,87.762222,4514786,2016-05-18
185,102.400002,103.900002,101.699997,101.949997,87.547554,4062895,2016-05-19
186,102.5,102.5,98.949997,99.449997,85.400734,5877875,2016-05-20
187,100,101.599998,99.050003,100,85.873024,6662120,2016-05-23
188,100.550003,102.449997,99.550003,101.599998,87.247002,6597682,2016-05-24
189,103.599998,105.349998,94.550003,97.25,83.51152,49190782,2016-05-25
190,99,104.75,97.349998,104.199997,89.479683,42430725,2016-05-26
191,105.099998,107.25,104.550003,106.800003,91.712395,17461546,2016-05-27
192,107.300003,107.449997,105.099998,106.050003,91.068359,8731313,2016-05-30
193,106.099998,109.349998,105.050003,108.949997,93.558662,14266518,2016-05-31
194,110,111.699997,103.849998,104.449997,89.694374,29231139,2016-06-01
195,104.150002,105.949997,102.949997,105.550003,90.638985,11365621,2016-06-02
196,106,107,105.550003,106.449997,91.411835,6334403,2016-06-03
197,106.5,106.800003,104.400002,105.300003,90.424309,6217359,2016-06-06
198,105.650002,106.699997,105.300003,106.199997,91.197144,5123098,2016-06-07
199,106.050003,106.5,104.800003,105.75,90.81073,5291044,2016-06-08
200,105.949997,107.849998,105,107.099998,91.970016,5621676,2016-06-09
201,107.599998,108.199997,104.650002,105.25,90.381363,9437337,2016-06-10
202,104.25,105.699997,103.699997,105.25,90.381363,6817246,2016-06-13
203,105.099998,105.800003,104.449997,105,90.166679,4445501,2016-06-14
204,105,105.400002,102.199997,103,88.449211,12879690,2016-06-15
205,103,103.050003,97.900002,99.400002,85.35778,17627055,2016-06-16
206,100.25,100.5,97.349998,98.75,84.799614,16794464,2016-06-17
207,98,100.400002,97.5,99.699997,85.615402,13167528,2016-06-20
208,100.050003,102.550003,99.849998,102.300003,87.848114,15447243,2016-06-21
209,102.5,102.5,99.550003,99.900002,85.787155,7816718,2016-06-22
210,99.900002,100,98.650002,99.199997,85.186043,7523916,2016-06-23
211,96,96.900002,91.150002,96.25,82.652794,15373031,2016-06-24
212,96,98.099998,95.900002,97.349998,83.597382,7465608,2016-06-27
213,98.550003,99.300003,98.099998,98.949997,84.971344,8731751,2016-06-28
214,99.599998,100.349998,98.599998,99,85.014297,8080510,2016-06-29
215,99.550003,100,98.099998,98.349998,84.456116,9506521,2016-06-30
216,99.099998,100.699997,98.800003,99.400002,85.35778,14891679,2016-07-01
217,100.449997,100.449997,97.5,97.800003,83.983826,12267279,2016-07-04
218,96,96,92,92.300003,79.260818,23064489,2016-07-05
219,92,93.900002,89.550003,93.050003,79.904861,35587312,2016-07-07
220,93.800003,94.300003,92.199997,93.800003,80.548912,12695326,2016-07-08
221,95,95.199997,92.5,93.349998,80.162476,17792001,2016-07-11
222,94.300003,94.699997,93.25,93.599998,80.377159,11819301,2016-07-12
223,93.050003,93.449997,90.599998,90.949997,78.902351,17827050,2016-07-13
224,91.5,92.300003,91.099998,91.5,79.379494,9651145,2016-07-14
225,91.900002,92.449997,91.050003,91.699997,79.552994,7126799,2016-07-15
226,92.400002,93.849998,92,93,80.680794,10438770,2016-07-18
227,93.75,94.300003,92.699997,93.449997,81.071182,7367070,2016-07-19
228,93.849998,93.900002,92.900002,93.449997,81.071182,8335674,2016-07-20
229,93.5,97.400002,92.300003,96.849998,84.020805,45285023,2016-07-21
230,98.25,98.699997,96.400002,96.699997,83.890663,26362738,2016-07-22
231,97,97.199997,95.199997,96.150002,83.413528,11184781,2016-07-25
232,96.449997,96.5,94.150002,94.400002,81.89534,14230698,2016-07-26
233,94.800003,95.650002,94,94.699997,82.155602,7546601,2016-07-27
234,95.199997,95.300003,93.800003,94.099998,81.635086,11497983,2016-07-28
235,94.300003,96.199997,93.5,95.25,82.632744,12674093,2016-07-29
236,96.349998,97.099998,91.25,91.599998,79.46624,28961932,2016-08-01
237,90.900002,90.900002,87.150002,88.150002,76.473244,23336733,2016-08-02
238,88.099998,88.25,85.199997,85.5,74.174278,16672060,2016-08-03
239,87,87.25,85.25,86.300003,74.868301,13054400,2016-08-04
240,87,88.400002,86.400002,88.099998,76.429863,13153536,2016-08-05
241,88.550003,89.900002,88.199997,89.150002,77.340782,11348419,2016-08-08
242,89.5,89.849998,88.25,89.5,77.644417,9598799,2016-08-09
243,89.949997,90.900002,87.550003,87.949997,76.299736,10045891,2016-08-10
244,87.550003,87.699997,85.550003,87.199997,75.649086,9501768,2016-08-11
245,87.699997,88.099998,86.300003,86.650002,75.171951,13471081,2016-08-12
246,86.900002,87.25,86,86.650002,75.171951,8295866,2016-08-16
247,86.349998,87.449997,86.25,86.699997,75.215309,6643927,2016-08-17
248,86.849998,88.550003,86.800003,87.550003,75.952736,9673093,2016-08-18
249,87.849998,88.050003,86.650002,87,75.475578,7638545,2016-08-19
250,87.449997,87.449997,86.300003,87.099998,75.562332,6721342,2016-08-22
251,87.199997,88,86.599998,87.849998,76.21299,5890988,2016-08-23
252,87.849998,88.949997,87.75,88.550003,76.820267,5912781,2016-08-24
253,89,89.400002,85.849998,86.550003,75.085197,11285909,2016-08-25
254,87.050003,88,86.849998,87.699997,76.082855,5311355,2016-08-26
255,87.800003,89.25,86.900002,87.900002,76.256363,10297523,2016-08-29
256,87.900002,88.949997,87.800003,88.400002,76.690132,5669974,2016-08-30
257,88.5,89.300003,86.949997,87.550003,75.952736,12220817,2016-08-31
258,87.699997,87.849998,83.5,83.800003,72.699463,16498611,2016-09-01
259,83.599998,83.699997,82.25,83,72.00544,10857653,2016-09-02
260,83.300003,85.949997,83.199997,85.75,74.391159,9327213,2016-09-06
261,86,88.75,85.550003,88.5,76.776878,11230962,2016-09-07
262,88.650002,88.650002,87.400002,87.75,76.126228,6858011,2016-09-08
263,87.900002,88.75,86.150002,87.25,75.692467,8730640,2016-09-09
264,85.25,85.400002,83.25,83.449997,72.395836,10102310,2016-09-12
265,83.900002,84.800003,83.650002,84.400002,73.219986,5079727,2016-09-14
266,82.800003,83,80.599998,81.599998,70.790886,24953966,2016-09-15
267,81.699997,82.449997,80,81.099998,70.357132,17923252,2016-09-16
268,81.5,84.849998,81.400002,84.599998,73.393494,17605080,2016-09-19
269,84.900002,85.5,83.599998,84.050003,72.916351,7983834,2016-09-20
270,84,84.599998,82.5,82.699997,71.745178,8204310,2016-09-21
271,84,84.449997,82.849998,83.949997,72.82959,7863354,2016-09-22
272,83.800003,83.800003,82.400002,82.650002,71.701797,6965998,2016-09-23
273,82.449997,82.599998,81.550003,81.800003,70.964401,5604720,2016-09-26
274,82.300003,82.449997,81.050003,81.449997,70.660759,4298620,2016-09-27
275,81.699997,82.25,81.150002,81.849998,71.007774,5888057,2016-09-28
276,82.5,82.599998,75.849998,76.449997,66.323074,25942259,2016-09-29
277,76.449997,80.25,75.050003,79.599998,69.055817,17726459,2016-09-30
278,79.150002,83.449997,79.099998,83.099998,72.092194,15146036,2016-10-03
279,83.25,83.25,80.599998,81.349998,70.574005,9924305,2016-10-04
280,81,82.400002,81,81.650002,70.834274,7890459,2016-10-05
281,82,83.349998,80.199997,80.800003,70.096863,9686492,2016-10-06
282,81.199997,81.5,80.599998,81.199997,70.443871,4109674,2016-10-07
283,81.849998,81.849998,80.099998,80.75,70.053482,4582597,2016-10-10
284,80.449997,80.949997,78.550003,79.400002,68.882324,9111707,2016-10-13
285,79.449997,81.199997,79.099998,80.650002,69.966728,5534240,2016-10-14
286,80.699997,82.25,80.199997,81.599998,70.790886,8163161,2016-10-17
287,82.400002,84,82.400002,83.849998,72.742851,12181856,2016-10-18
288,84.400002,84.900002,83.900002,84.349998,73.176598,6681033,2016-10-19
289,84.699997,86.400002,84.400002,85.699997,74.347786,10381584,2016-10-20
290,86.449997,87.400002,85.949997,87.050003,75.518959,11706419,2016-10-21
291,87.400002,88.349998,86.199997,88.050003,76.386505,11364973,2016-10-24
292,88,88.150002,86.349998,87.650002,76.039482,6574506,2016-10-25
293,87.349998,88.199997,86.699997,87.199997,75.649086,6960265,2016-10-26
294,86.599998,87.150002,84.699997,84.900002,73.65377,8381704,2016-10-27
295,85,90.75,84.849998,90.25,78.295067,23011807,2016-10-28
296,91.5,92.599998,89.599998,90.099998,78.164932,17959653,2016-11-01
297,89,91.150002,87.900002,89.849998,77.948044,9715881,2016-11-02
298,89.849998,92.5,89.5,91.300003,79.205986,19000581,2016-11-03
299,91.949997,92.449997,89.199997,90.900002,78.858971,13973645,2016-11-04
300,91.900002,92.300003,89.199997,89.449997,77.601044,8246926,2016-11-07
301,89.5,92.150002,88.150002,91.75,79.596375,25643558,2016-11-08
302,83.550003,92,82.699997,91.400002,79.292732,19492970,2016-11-09
303,92.199997,93.5,88.800003,89.400002,77.557671,13694262,2016-11-10
304,88.5,89.949997,87,87.349998,75.779213,11917291,2016-11-11
305,87.349998,87.349998,81.5,82.650002,71.701797,11732021,2016-11-15
306,83.800003,84.150002,77.800003,79,68.535309,15418449,2016-11-16
307,79,80.150002,78,78.800003,68.361794,9769230,2016-11-17
308,79.300003,80.400002,78.650002,79.650002,69.09919,7590789,2016-11-18
309,80.5,80.5,75.5,75.849998,65.802559,11381674,2016-11-21
310,76.699997,76.900002,73.5,75.599998,65.585678,16820607,2016-11-22
311,76.199997,77.75,74.849998,77.199997,66.973724,10031839,2016-11-23
312,77.5,77.5,75.400002,75.650002,65.629059,18199666,2016-11-24
313,76.400002,77.699997,75.650002,77,66.800232,9725101,2016-11-25
314,77.849998,78.5,77.050003,78.150002,67.79789,8574030,2016-11-28
315,78.599998,81.150002,78.25,79.900002,69.316086,10406070,2016-11-29
316,80.099998,80.599998,79.150002,79.5,68.96907,8910488,2016-11-30
317,80,80.099998,77.300003,77.550003,67.277374,14821619,2016-12-01
318,77.650002,78.75,74.300003,74.699997,64.804893,17264782,2016-12-02
319,75.550003,77.5,74.800003,77.199997,66.973724,9434046,2016-12-05
320,77.699997,79,76.349998,78.050003,67.711143,9658215,2016-12-06
321,78.150002,78.5,76.150002,76.699997,66.539963,7101836,2016-12-07
322,77.300003,78.599998,77.099998,77.900002,67.581001,6327162,2016-12-08
323,78,79.949997,77.800003,79.550003,69.012444,7858724,2016-12-09
324,79,80.199997,78.550003,79.5,68.96907,9402280,2016-12-12
325,79.800003,79.949997,77.099998,77.900002,67.581001,5793135,2016-12-13
326,78,78.300003,76.849998,77.199997,66.973724,4617544,2016-12-14
327,76.050003,78.75,76.050003,77.800003,67.494263,4894002,2016-12-15
328,78.25,78.400002,77.199997,77.650002,67.36412,6095452,2016-12-16
329,77.900002,79.900002,77.300003,78.699997,68.275032,9584506,2016-12-19
330,79.349998,79.5,76.550003,76.900002,66.71347,7059007,2016-12-20
331,77.5,78.449997,77.300003,77.550003,67.277374,4725054,2016-12-21
332,77.849998,79.800003,76.849998,77.449997,67.19062,7630191,2016-12-22
333,77.199997,78.650002,76.150002,77.699997,67.407501,7685714,2016-12-23
334,77.800003,77.900002,76.25,76.5,66.366463,4475664,2016-12-26
335,76.5,78.400002,75.050003,78.050003,67.711143,7041030,2016-12-27
336,78.5,78.699997,77.800003,78.25,67.884644,5706223,2016-12-28
337,77.25,79.400002,77.25,79,68.535309,7832998,2016-12-29
338,79.900002,80.900002,79.650002,80.099998,69.489586,13540359,2016-12-30
339,80.5,81.5,79.150002,81,70.270363,12823600,2017-01-02
340,81.400002,81.550003,80.449997,81.050003,70.313751,7610206,2017-01-03
341,81.5,84.550003,81.25,83.849998,72.742851,14148219,2017-01-04
342,84.650002,84.949997,82.800003,83.949997,72.82959,10474833,2017-01-05
343,84.199997,85.699997,83.150002,85.300003,74.000771,10508449,2017-01-06
344,85.849998,85.849998,84.599998,84.949997,73.697128,4664481,2017-01-09
345,85.199997,85.300003,84.199997,84.949997,73.697128,3603984,2017-01-10
346,85,86.300003,84.949997,85.599998,74.261032,4205231,2017-01-11
347,85.5,85.599998,83.800003,84.300003,73.133247,4126412,2017-01-12
348,84.300003,85.199997,83.349998,84.550003,73.350113,6292908,2017-01-13
349,84.099998,86.099998,84.050003,85.599998,74.261032,4419274,2017-01-16
350,86,86.849998,85.349998,85.949997,74.564667,4294619,2017-01-17
351,85.900002,87.099998,85.050003,86.900002,75.388824,7922410,2017-01-18
352,86.900002,87.650002,86.199997,87.050003,75.518959,6301901,2017-01-19
353,86.699997,87.400002,85.25,85.550003,74.217659,6238368,2017-01-20
354,86.150002,86.699997,85.400002,86.300003,74.868301,4001215,2017-01-23
355,86.349998,89,86.349998,88.699997,76.950394,10324396,2017-01-24
356,89,89.349998,86.300003,86.550003,75.085197,20149829,2017-01-25
357,86.599998,92.75,86.599998,92.449997,80.203644,37997580,2017-01-27
358,91.75,93.150002,91.300003,92.050003,79.856636,10516489,2017-01-30
359,91.75,91.849998,89.699997,90.75,78.728844,10318662,2017-01-31
360,91.599998,93.099998,90.599998,92.150002,79.94339,20594085,2017-02-01
361,93,95.099998,91.550003,94.849998,82.285728,16589288,2017-02-02
362,95,95.699997,93.699997,94.5,81.982101,9703414,2017-02-03
363,94.5,95.949997,94.5,95.099998,82.502625,9884473,2017-02-06
364,95,95.349998,92.900002,94.050003,81.591705,9030584,2017-02-07
365,95.300003,97,93.800003,95.349998,82.719498,17150699,2017-02-08
366,96.199997,96.75,94.400002,95.300003,82.676132,8401454,2017-02-09
367,95.699997,95.699997,92.400002,92.949997,80.637421,12076962,2017-02-10
368,93.349998,93.599998,91.400002,92.099998,79.900017,7004255,2017-02-13
369,91.900002,92.800003,90.650002,92.349998,80.11689,5806015,2017-02-14
370,92.449997,94.599998,91.300003,93.199997,80.854294,15411491,2017-02-15
371,93.5,94.400002,92.699997,94.25,81.765213,6246431,2017-02-16
372,94.25,94.900002,93.25,93.900002,81.461578,4167887,2017-02-17
373,93.900002,94.75,93.199997,94.5,81.982101,4353919,2017-02-20
374,94.800003,96,94,95.099998,82.502625,6703138,2017-02-21
375,95.150002,95.849998,92,92.5,80.247017,8164293,2017-02-22
376,92.5,92.75,90.199997,90.550003,78.555336,12335146,2017-02-23
377,91,91.25,88.650002,89,77.210663,10941288,2017-02-27
378,89.5,91,88.949997,90.650002,78.642082,6712922,2017-02-28
379,91.449997,91.849998,89,89.199997,77.384155,8753905,2017-03-01
380,89.699997,90.199997,86.949997,87.349998,75.779213,7239228,2017-03-02
381,87.650002,88.400002,86.199997,87.349998,75.779213,6648170,2017-03-03
382,88,90.900002,87.5,90.5,78.511955,10795662,2017-03-06
383,92,93.400002,91,91.199997,79.119225,21140168,2017-03-07
384,91.800003,91.800003,89.300003,91.099998,79.032478,8249126,2017-03-08
385,90.349998,91.349998,90,90.449997,78.468567,4067316,2017-03-09
386,91.050003,91.099998,90,90.550003,78.555336,4731348,2017-03-10
387,93,93,90.5,90.800003,78.772217,6472473,2017-03-14
388,90.599998,91.849998,90.300003,91.099998,79.032478,5493508,2017-03-15
389,92,92.900002,91.400002,91.900002,79.726509,11583884,2017-03-16
390,92.150002,92.400002,90.349998,90.900002,78.858971,8589452,2017-03-17
391,90.900002,90.949997,89.050003,89.25,77.427536,5646090,2017-03-20
392,89.199997,89.199997,88.099998,88.75,76.993767,6176030,2017-03-21
393,88,88.400002,86.550003,87.150002,75.605713,8997482,2017-03-22
394,87.099998,87.800003,86.699997,87.050003,75.518959,8795773,2017-03-23
395,87.5,88.400002,87,87.349998,75.779213,6965006,2017-03-24
396,87.099998,87.300003,85.449997,85.75,74.391159,8776245,2017-03-27
397,86.75,87,86.050003,86.449997,74.998428,8606547,2017-03-28
398,86.800003,87.449997,80.75,84,72.872978,27831051,2017-03-29
399,83.5,85,82.650002,83,72.00544,18429464,2017-03-30
400,83.800003,85,83.150002,84.550003,73.350113,10622310,2017-03-31
401,85,85.599998,83.900002,84.099998,72.95974,8048802,2017-04-03
402,85.550003,86.099998,84.699997,84.900002,73.65377,8826665,2017-04-05
403,84.900002,84.900002,84,84.300003,73.133247,7636744,2017-04-06
404,84.300003,84.900002,83.300003,83.599998,72.525955,8214638,2017-04-07
405,84.199997,84.349998,82,82.400002,71.484932,14997180,2017-04-10
406,82.75,83.599998,82.099998,82.400002,71.484932,9681956,2017-04-11
407,82.900002,83.900002,82.300003,82.599998,71.658424,11842227,2017-04-12
408,82.949997,83.699997,82.5,82.75,71.788559,6268883,2017-04-13
409,83.699997,83.699997,82.400002,82.75,71.788559,5191816,2017-04-17
410,83,83.349998,81.150002,81.599998,70.790886,8142606,2017-04-18
411,82,82.349998,81.050003,81.300003,70.530624,7239622,2017-04-19
412,81.5,82.300003,81.400002,81.949997,71.094528,8650930,2017-04-20
413,82.199997,85.650002,82,85.25,73.957397,18736373,2017-04-21
414,86.400002,87.599998,85.650002,87.25,75.692467,16465458,2017-04-24
415,87.849998,88.5,87.099998,88.150002,76.473244,15384659,2017-04-25
416,88.5,88.849998,86.25,87.849998,76.21299,7376461,2017-04-26
417,87.5,87.849998,86.5,86.699997,75.215309,4971287,2017-04-27
418,87,87,84.900002,85.400002,74.087517,6949719,2017-04-28
419,85.900002,85.949997,82.900002,83.650002,72.569336,10832676,2017-05-02
420,83.400002,83.75,82.650002,82.800003,71.83194,4338219,2017-05-03
421,82.699997,84.400002,82.699997,83.25,72.222321,7670618,2017-05-04
422,83.300003,84.400002,82.300003,83.199997,72.17894,9585864,2017-05-05
423,83.199997,84.300003,82.650002,83.400002,72.352448,8573332,2017-05-08
424,83.400002,83.800003,82.75,82.900002,71.918686,7683180,2017-05-09
425,83.050003,86,83.050003,85.550003,74.217659,16320703,2017-05-10
426,86,87.150002,85.800003,86.550003,75.085197,10349937,2017-05-11
427,86.900002,86.900002,85.099998,85.699997,74.347786,7865319,2017-05-12
428,86,86.5,85.449997,86.199997,74.781563,5372613,2017-05-15
429,86.5,87,86.150002,86.650002,75.171951,5662997,2017-05-16
430,86.650002,88.5,86.050003,88.050003,76.386505,11096513,2017-05-17
431,87.400002,88.449997,85.400002,86.349998,74.91169,9222882,2017-05-18
432,86.699997,87.400002,84.25,85.150002,73.870644,5458428,2017-05-19
433,85.800003,86.449997,84.800003,86,74.608047,7594237,2017-05-22
434,86.050003,86.300003,84,84.400002,73.219986,7491795,2017-05-23
435,84.599998,84.900002,81.5,82.349998,71.441536,9006094,2017-05-24
436,83.400002,87.75,81.800003,86.150002,74.738174,22003288,2017-05-25
437,87.849998,93.150002,87.75,91.550003,79.422867,40073258,2017-05-26
438,92.449997,93.849998,90.75,91.75,79.596375,16322830,2017-05-29
439,92.199997,94,91.599998,93.75,81.331444,13966131,2017-05-30
440,93.949997,95.900002,93.099998,94.5,81.982101,17929974,2017-05-31
441,94.449997,94.800003,90.099998,91.099998,79.032478,26150734,2017-06-01
442,91.5,93.300003,91.150002,92.849998,80.550667,9141588,2017-06-02
443,93.449997,93.75,92.5,93,80.680794,7480770,2017-06-05
444,92.5,93.449997,90.900002,91.849998,79.683121,8450503,2017-06-06
445,92,93,91.699997,92.75,80.463913,5158845,2017-06-07
446,92.75,95.699997,92.699997,94.949997,82.372482,14522631,2017-06-08
447,95.25,95.25,94,94.900002,82.329117,8610549,2017-06-09
448,94,94.849998,93.449997,94.25,81.765213,5391051,2017-06-12
449,95.650002,96.699997,94.75,95.25,82.632744,11899502,2017-06-13
450,94.849998,95.25,93.099998,94.699997,82.155602,8034180,2017-06-14
451,94.5,95.75,93.849998,94.25,81.765213,5917699,2017-06-15
452,94.5,95.300003,94,94.199997,81.721832,5517567,2017-06-16
453,94.199997,94.900002,93.800003,94.050003,81.591705,3174802,2017-06-19
454,94.199997,94.349998,92.800003,93,80.680794,9109824,2017-06-20
455,93,94.199997,92.5,93.699997,81.288078,6444074,2017-06-21
456,93.699997,94.25,92.900002,93.400002,81.027809,6118660,2017-06-22
457,93.5,93.550003,92.050003,92.349998,80.11689,5044460,2017-06-23
458,92.349998,92.75,90.300003,91.099998,79.032478,5489761,2017-06-27
459,90.900002,92.75,90,92.199997,79.986755,4941835,2017-06-28
460,92.75,94,92.5,93.449997,81.071182,9459842,2017-06-29
461,92.199997,94.150002,91.599998,93.849998,81.418198,6245662,2017-06-30
462,93.949997,101.400002,93.550003,100.300003,87.013809,49834227,2017-07-03
463,101.949997,102.099998,97.949997,99.349998,86.189644,30197857,2017-07-04
464,99.550003,102.150002,99.400002,101.599998,88.141609,18028341,2017-07-05
465,102.300003,103.300003,101.849998,102.199997,88.662109,10803568,2017-07-06
466,102.5,104.5,100.699997,103.900002,90.136932,15768247,2017-07-07
467,104.050003,105.650002,102.199997,105.150002,91.221352,2476442,2017-07-10
468,105.050003,107.449997,103.599998,105.099998,92.551056,23424456,2017-07-11
469,104.599998,106.699997,104.25,106.400002,93.695839,11800808,2017-07-12
470,106.099998,107.199997,105,106.25,93.563744,8000631,2017-07-13
471,106,106.400002,104.300003,105.400002,92.815231,8917458,2017-07-14
472,105.400002,108.449997,105.199997,108.25,95.324944,8727138,2017-07-17
473,108.699997,109.699997,104.699997,105.449997,92.859268,24462410,2017-07-18
474,106.949997,107.599998,106.099998,106.849998,94.092102,9077980,2017-07-19
475,107.300003,107.400002,105.699997,105.900002,93.255539,6831287,2017-07-20
476,105.800003,106.400002,100,103.199997,90.877914,23377063,2017-07-21
477,102,104.699997,101.699997,104,91.582397,16055304,2017-07-24
478,104.949997,105.5,104.199997,104.949997,92.418961,7841010,2017-07-25
479,105,106.550003,104.949997,106.150002,93.475685,8240895,2017-07-26
480,106.449997,106.800003,104.650002,105,92.462997,6540993,2017-07-27
481,104.699997,109.900002,104.099998,109.400002,96.337631,11446452,2017-07-28
482,109.949997,110.5,108.25,109.5,96.425697,10272829,2017-07-31
483,110.050003,112.099998,108.699997,111.050003,97.790634,17902937,2017-08-01
484,111,111,108.599998,109.349998,96.29361,7178227,2017-08-02
485,109.25,110.449997,108.099998,108.900002,95.897331,7702651,2017-08-03
486,108.849998,109.900002,106.300003,109.199997,96.161507,8732032,2017-08-04
487,108.900002,111.5,108.699997,111.199997,97.922722,8251146,2017-08-07
488,111,114.349998,110.099998,112.099998,98.715256,18644815,2017-08-08
489,112,112.650002,108.75,109.599998,96.513756,7762163,2017-08-09
490,108,108.650002,101.25,103.449997,91.098061,12732108,2017-08-10
491,101,105.599998,98.599998,102.650002,90.393585,14750459,2017-08-11
492,104.699997,106.849998,104.300003,104.75,92.242844,7301143,2017-08-14
493,105.5,106,102.050003,104.75,92.242844,10846570,2017-08-16
494,105,106.949997,104.349998,105.300003,92.727188,6252193,2017-08-17
495,105,105,102.400002,103.650002,91.274185,6181540,2017-08-18
496,104,104.5,101.5,102.25,90.041344,5274904,2017-08-21
497,103.400002,103.650002,100,100.349998,88.368202,8361844,2017-08-22
498,101,103.199997,101,102.699997,90.437614,6311204,2017-08-23
499,103.599998,103.650002,102.199997,103,90.70179,4476831,2017-08-24
500,103.599998,106.25,103.25,105.699997,93.079414,11192216,2017-08-28
501,105.5,106.75,104.349998,105.050003,92.507027,6338922,2017-08-29
502,106.25,108.25,105.800003,107.300003,94.488373,7845394,2017-08-30
503,107.400002,107.800003,106.199997,107.099998,94.312256,10584662,2017-08-31
504,107.800003,113.25,107.199997,112.849998,99.375702,19530546,2017-09-01
505,113.849998,115.800003,111.300003,113.349998,99.816002,20583715,2017-09-04
506,114.449997,114.900002,112.050003,113,99.50779,8912033,2017-09-05
507,112.650002,113.800003,111.400002,112.150002,98.759293,9787115,2017-09-06
508,112.5,113.349998,110.800003,111.900002,98.539131,4923774,2017-09-07
509,113.150002,116.800003,112.699997,115.150002,101.401093,21891300,2017-09-08
510,116.75,117.400002,115.75,116.199997,102.325722,9303218,2017-09-11
511,116.900002,118.75,116.199997,118.300003,104.174973,11942253,2017-09-12
512,118.699997,119.150002,117.099998,117.699997,103.646622,9561526,2017-09-13
513,117.5,119.099998,116.699997,117.050003,103.074226,6972335,2017-09-14
514,116.199997,117.800003,114.650002,116.800003,102.854073,7428450,2017-09-15
515,117.449997,119.349998,117.300003,118.550003,104.395126,5864762,2017-09-18
516,118.949997,118.949997,117.150002,118.150002,104.042877,4525726,2017-09-19
517,118.349998,120.199997,118.349998,119.349998,105.099602,8463597,2017-09-20
518,119.75,120.050003,115.900002,117.300003,103.29438,11036870,2017-09-21
519,117,117,113.699997,114.300003,100.652588,7710546,2017-09-22
520,114.449997,114.449997,109.699997,113,99.50779,10393468,2017-09-25
521,113,114.699997,112.75,113.5,99.948097,5815090,2017-09-26
522,113.75,114.449997,111.400002,112.199997,98.803314,8792751,2017-09-27
523,113.699997,117.75,112.300003,116.75,102.810043,19023736,2017-09-28
524,118.400002,123.900002,118,123.099998,108.401855,25414993,2017-09-29
525,125.75,126.199997,121.25,122.449997,107.82946,19862570,2017-10-03
526,122.900002,123.949997,121.25,122.5,107.873497,7026163,2017-10-04
527,123.5,124.849998,122,122.5,107.873497,6382418,2017-10-05
528,123.400002,125.25,122.650002,124.849998,109.942909,9362645,2017-10-06
529,125,125.5,122.800003,123.800003,109.018272,6174955,2017-10-09
530,123.800003,126.900002,123.300003,126.449997,111.351868,9899758,2017-10-10
531,127,127.449997,122.400002,124.550003,109.678734,11182886,2017-10-11
532,125.199997,125.849998,123.900002,125.349998,110.383202,6036207,2017-10-12
533,126.550003,126.849998,124.650002,125.349998,110.383202,4216350,2017-10-13
534,125.800003,128,124.449997,127.449997,112.23246,6794943,2017-10-16
535,127.400002,128.899994,126.300003,128.449997,113.113068,6854521,2017-10-17
536,127.800003,131,126.699997,130.600006,115.006363,8381228,2017-10-18
537,130.449997,130.449997,128.350006,129.149994,113.729477,1483924,2017-10-19
538,128.100006,129.699997,127.349998,128.199997,112.892906,8245170,2017-10-23
539,128.899994,129.350006,127.5,128.600006,113.245155,4188824,2017-10-24
540,129.350006,130.399994,126.699997,128.5,113.157089,8699873,2017-10-25
541,128.449997,133.899994,127.550003,131.149994,115.490685,16059722,2017-10-26
542,131.75,131.75,126.900002,127.800003,112.54068,9672231,2017-10-27
543,128.449997,129.399994,127.900002,128.699997,113.333214,5067735,2017-10-30
544,129.25,131.5,128.5,131.199997,115.534706,7814216,2017-10-31
545,131.800003,132.800003,125.050003,126.449997,111.351868,13531099,2017-11-01
546,126.800003,128.800003,124.25,124.599998,109.722748,7928131,2017-11-02
547,124.599998,125.300003,123.099998,123.650002,108.886177,6614348,2017-11-03
548,123.900002,126.800003,122.699997,125.699997,110.691414,8459765,2017-11-06
549,126.050003,126.699997,121.050003,122.050003,107.477234,11984860,2017-11-07
550,122.800003,124.349998,117.050003,119.150002,104.923485,32028125,2017-11-08
551,120,121.449997,112.099998,115.349998,101.577202,21316008,2017-11-09
552,116.75,117.050003,111.099998,111.949997,98.583168,16705495,2017-11-10
553,112.449997,113.75,107.699997,113.300003,99.77198,21319577,2017-11-13
554,114.75,114.900002,112.25,113.949997,100.34436,15327606,2017-11-14
555,114,115.75,112.75,113.400002,99.860031,11164273,2017-11-15
556,114.300003,115,111.849998,114.199997,100.564514,8342249,2017-11-16
557,115.699997,117.199997,115.5,116,102.149597,10574972,2017-11-17
558,116.400002,117.25,114.349998,114.949997,101.22496,9459111,2017-11-20
559,115.349998,115.599998,113.599998,114.75,101.048843,11545276,2017-11-21
560,114.199997,114.699997,110.699997,113.349998,99.816002,23545581,2017-11-22
561,113.900002,115,112.300003,114.699997,101.004814,13659083,2017-11-23
562,114,119.400002,114,118.449997,104.307068,15401284,2017-11-24
563,118.300003,124,118,123.599998,108.842148,24232866,2017-11-27
564,123.75,123.75,120.5,121.400002,106.904839,9602574,2017-11-28
565,121.300003,122.25,119.699997,120.849998,106.420494,9549129,2017-11-29
566,120.400002,120.449997,117.349998,117.849998,103.778702,13517247,2017-11-30
567,119.199997,123.199997,119.199997,120.050003,105.716034,21469285,2017-12-01
568,122.449997,122.449997,115.400002,116.349998,102.457802,14612462,2017-12-04
569,116.349998,116.349998,112.550003,114.050003,100.432426,15039479,2017-12-05
570,114,115.949997,112.5,114.449997,100.784668,9390524,2017-12-06
571,114.849998,117.349998,114.599998,116.900002,102.942139,8391644,2017-12-07
572,117.5,119.349998,117.099998,118.550003,104.395126,10420608,2017-12-08
573,120.349998,120.400002,117.400002,117.900002,103.822739,7720936,2017-12-11
574,117.449997,117.699997,113.199997,113.800003,100.212273,12071975,2017-12-12
575,113.900002,115,112.599998,114.050003,100.432426,10933962,2017-12-13
576,114.5,114.800003,111.099998,112.050003,98.671219,11950647,2017-12-14
577,114,114.400002,112.300003,112.75,99.287651,9188447,2017-12-15
578,112,115.949997,105.949997,114.300003,100.652588,16437780,2017-12-18
579,115.25,118.550003,114.5,118.150002,104.042877,12707741,2017-12-19
580,118.099998,119.5,117.199997,117.800003,103.73468,8412028,2017-12-20
581,117.949997,119.050003,116.699997,117.550003,103.514526,9259990,2017-12-21
582,118.400002,118.849998,116.400002,117.599998,103.558556,6908953,2017-12-22
583,118.599998,120.349998,118,119.150002,104.923485,8415655,2017-12-26
584,119.25,120.199997,117.5,118.599998,104.439156,8897773,2017-12-27
585,118.650002,118.800003,117.199997,117.699997,103.646622,5166001,2017-12-28
586,118,120,117.199997,119.099998,104.879448,7755733,2017-12-29
587,119.650002,122.5,118.050003,118.650002,104.483192,10218058,2018-01-01
588,119.25,123.849998,117,123.349998,108.622009,27656711,2018-01-02
589,124.75,125.800003,123.75,124.5,109.634697,22686568,2018-01-03
590,125.25,127.349998,123.800003,126.949997,111.79216,17032019,2018-01-04
591,127,128.199997,126,127.449997,112.23246,8969607,2018-01-05
592,127.900002,129,126.900002,128.449997,113.113068,8807108,2018-01-08
593,130.199997,132.600006,129.5,130.5,114.918297,20917588,2018-01-09
594,130.300003,130.5,126.699997,127.949997,112.672768,8194879,2018-01-10
595,127,128.899994,126.050003,127.050003,111.880226,10204498,2018-01-11
596,127.5,129.149994,125.099998,128.649994,113.289177,8882198,2018-01-12
597,128.949997,129.350006,125,126.099998,111.043655,9735164,2018-01-15
598,126.099998,126.400002,121.599998,122.300003,107.69738,11527983,2018-01-16
599,122.099998,124.800003,119.5,124.449997,109.59066,10469892,2018-01-17
600,124.199997,125.300003,120.099998,120.900002,106.464539,10351616,2018-01-18
601,120.800003,121.5,118.699997,121.050003,106.596626,9786893,2018-01-19
602,121.650002,121.949997,119.199997,121.050003,106.596626,7431883,2018-01-22
603,120.5,125.300003,120.199997,124,109.194389,10962021,2018-01-23
604,124,125.150002,122.300003,123.300003,108.577972,12152677,2018-01-24
605,124.25,124.400002,121.599998,122.300003,107.69738,11367419,2018-01-25
606,122.900002,126.550003,122.650002,125.400002,110.427238,13757107,2018-01-29
607,125.800003,126.650002,123.550003,125.75,110.735443,12328142,2018-01-30
608,125.400002,126.550003,124.400002,126.099998,111.043655,10040333,2018-01-31
609,126.949997,126.949997,116.300003,123.349998,108.622009,15946691,2018-02-01
610,124.300003,126.650002,118.5,122.300003,107.69738,38049390,2018-02-02
611,118.900002,130,118.349998,129.350006,113.905602,22945256,2018-02-05
612,123,128.699997,120.800003,126.900002,111.748138,24648572,2018-02-06
613,129.949997,134,128.649994,132.899994,117.031731,25341574,2018-02-07
614,133.75,136.600006,133.100006,134.149994,118.132477,24389428,2018-02-08
615,131,135.75,131,134.199997,118.176514,17062623,2018-02-09
616,135.399994,136.75,132.699997,133.300003,117.38398,11892807,2018-02-12
617,135.449997,138.75,134.199997,137.399994,120.994415,27373293,2018-02-14
618,138.449997,139.300003,136.199997,137.25,120.862343,14544353,2018-02-15
619,138.600006,138.899994,133.399994,133.949997,117.956367,14941293,2018-02-16
620,134.449997,134.5,130.649994,132.199997,116.415321,12180808,2018-02-19
621,132.5,135.350006,131.800003,133.399994,117.472038,9905274,2018-02-20
622,134,134.899994,131.949997,132.350006,116.547401,9506894,2018-02-21
623,131.800003,133.350006,131.199997,132.350006,116.547401,10189228,2018-02-22
624,133,134.899994,132.649994,134.399994,118.352623,7724163,2018-02-23
625,135.5,137.800003,135.5,136.800003,120.46608,12024593,2018-02-26
626,137.699997,138.5,136.5,137.699997,121.258621,9397195,2018-02-27
627,137.350006,142.199997,136.899994,141.5,124.604889,24992386,2018-02-28
628,142.75,143.899994,140.350006,140.949997,124.120583,19650623,2018-03-01
629,139.899994,140.649994,138.350006,140.149994,123.416077,14686149,2018-03-05
630,140.949997,142.899994,139.25,139.850006,123.151909,12648186,2018-03-06
631,139.949997,142.899994,139.199997,141.25,124.384758,15519404,2018-03-07
632,143.25,144.850006,142.600006,144.149994,126.938461,19712214,2018-03-08
633,147,147.449997,144.399994,147,129.448196,30193142,2018-03-09
634,148,148.600006,144.600006,145.399994,128.039246,17320780,2018-03-12
635,145.800003,150.449997,143.800003,149.899994,132.001923,24601040,2018-03-13
636,149.199997,150.300003,148.600006,149.699997,131.825806,11802575,2018-03-14
637,149.100006,151.649994,148.949997,150.550003,132.574326,13458378,2018-03-15
638,150.300003,150.600006,146.699997,147.149994,129.580292,14963488,2018-03-16
639,148,148.350006,144,145.699997,128.303421,17441635,2018-03-19
640,145.449997,148,144.699997,146,128.567596,11845334,2018-03-20
641,146.899994,148.800003,146.5,147.5,129.888489,14925709,2018-03-21
642,148.199997,148.199997,141.550003,142,125.045189,12939722,2018-03-22
643,140,142.550003,138.199997,142.050003,125.089218,18267529,2018-03-23
644,143,145.300003,142.199997,144.399994,127.158623,11572005,2018-03-26
645,145.899994,146.649994,143.050003,144.949997,127.642952,12007027,2018-03-27
646,144.550003,146.699997,143.899994,145.449997,128.083252,18877771,2018-03-28
647,146.550003,148.949997,146.149994,148.100006,130.41687,22938236,2018-04-02
648,147.949997,149.449997,147.350006,147.75,130.108643,14391152,2018-04-03
649,148.399994,150.600006,145.050003,145.850006,128.435501,20449016,2018-04-04
650,147.350006,148.649994,146,147,129.448196,11604724,2018-04-05
651,147.399994,147.399994,143.199997,146.449997,128.963882,12593378,2018-04-06
652,146.850006,148.949997,145.75,146.350006,128.875809,13175463,2018-04-09
653,146.899994,147.600006,144,145.300003,127.951172,14915410,2018-04-10
654,145.899994,146.449997,144.5,144.800003,127.510872,10891005,2018-04-11
655,145.300003,145.949997,144.100006,145.100006,127.775063,9351738,2018-04-12
656,145.899994,150.550003,145.5,149.399994,131.56163,27751300,2018-04-13
657,149.199997,152.5,148.649994,151,132.970581,15482321,2018-04-16
658,151.600006,152.100006,148.050003,149.399994,131.56163,10260588,2018-04-17
659,149.850006,151,148.050003,149.399994,131.56163,13484322,2018-04-18
660,150.649994,151.449997,149.449997,151.100006,133.058655,9206006,2018-04-19
661,151.449997,156,150.649994,155.550003,136.977325,18945689,2018-04-20
662,155.949997,159.949997,155.649994,159.449997,140.411667,22119097,2018-04-23
663,159.899994,161.75,158.199997,159.050003,140.059418,18448201,2018-04-24
664,158.899994,164.600006,158.399994,164.199997,144.594513,27241565,2018-04-25
665,164.199997,166.350006,161.25,162.649994,143.229568,21816930,2018-04-26
666,163.899994,164.449997,161.100006,162,142.657181,9827879,2018-04-27
667,163.550003,165.550003,162.199997,164.449997,144.814667,9223162,2018-04-30
668,164.75,166.199997,160.5,161.449997,142.172852,13689459,2018-05-02
669,162.399994,164.550003,160.800003,163.75,144.198242,14882240,2018-05-03
670,163.949997,165.5,163.149994,163.949997,144.374359,9143747,2018-05-04
671,164.75,165.800003,163.550003,165.350006,145.607208,6116182,2018-05-07
672,166.350006,167.5,164.75,165.550003,145.783325,9015082,2018-05-08
673,165.550003,165.649994,161.550003,162.100006,142.74527,10939607,2018-05-09
674,162.949997,163.899994,160.25,160.649994,141.468369,9391475,2018-05-10
675,161.5,162.25,160.300003,161.850006,142.525101,6824338,2018-05-11
676,162.449997,162.449997,153.5,155.149994,136.625076,18841306,2018-05-14
677,154.75,157.550003,148.550003,151,132.970581,19547700,2018-05-15
678,151.449997,153.949997,149.649994,152.699997,134.467621,11146366,2018-05-16
679,153.25,155,152.050003,154.300003,135.876572,9656184,2018-05-17
680,155.100006,155.350006,146.75,148.399994,130.68103,18021955,2018-05-18
681,147.949997,147.949997,133.350006,134.300003,118.26458,53028114,2018-05-21
682,132.75,146,132.149994,140.899994,124.076523,65283103,2018-05-22
683,141.600006,146,141.050003,145.350006,127.995216,28848076,2018-05-23
684,146.800003,148.75,143.050003,144.5,127.246704,21080165,2018-05-24
685,145.800003,146,143.199997,145.100006,127.775063,11504412,2018-05-25
686,146.199997,147.5,145.149994,146.600006,129.095978,10561439,2018-05-28
687,147.5,150.5,146.100006,149.550003,131.693726,13459379,2018-05-29
688,148.100006,150.300003,147.100006,149.399994,131.56163,13237333,2018-05-30
689,150.75,151.25,147.5,148.050003,130.372818,15790863,2018-05-31
690,148.800003,152,148.75,150.850006,132.838501,16393908,2018-06-01
691,151.399994,151.800003,146.550003,146.899994,129.360123,9461068,2018-06-04
692,145.550003,147.5,141.699997,146.199997,128.743713,14155550,2018-06-05
693,147.75,149.899994,144.5,149.050003,131.253418,13774065,2018-06-06
694,149.75,150.449997,147.199997,147.800003,130.152679,9139684,2018-06-07
695,146.550003,147.449997,144.5,145,127.686996,9888275,2018-06-08
696,145,145.100006,140.5,142.199997,125.221313,12524659,2018-06-11
697,142.100006,144.899994,141.199997,144.149994,126.938461,12575156,2018-06-12
698,144.399994,146.149994,141.850006,142.649994,125.617569,12471403,2018-06-13
699,142.649994,146.149994,141.5,144.949997,127.642952,14625441,2018-06-14
700,145.199997,145.199997,141.75,142.25,125.265335,9644132,2018-06-15
701,142.25,143.5,138.449997,138.899994,122.315338,13515380,2018-06-18
702,139,139.5,135.550003,136.5,120.201889,15102362,2018-06-19
703,136.949997,138.300003,136,137,120.642197,13655265,2018-06-20
704,137.050003,138.550003,134.649994,135.100006,118.96907,11600357,2018-06-21
705,136.149994,136.899994,133.5,136.399994,120.113823,10862164,2018-06-22
706,136.149994,136.149994,131.350006,132,116.239197,12422965,2018-06-25
707,132.5,134.149994,131.300003,132.600006,116.767563,13579137,2018-06-26
708,132.5,132.850006,127.25,129.350006,113.905602,14750455,2018-06-27
709,128.699997,129.800003,123.25,124.099998,109.282455,16952679,2018-06-28
710,125.900002,127.199997,124.599998,125.800003,110.77948,15460744,2018-06-29
711,126.800003,129.949997,126.099998,127.300003,112.10038,15699848,2018-07-02
712,127.699997,130.300003,124.400002,129.5,114.037689,16965698,2018-07-03
713,129.300003,129.5,126.550003,127.849998,112.584709,16028413,2018-07-04
714,127.849998,127.849998,124.699997,125,110.074989,11998683,2018-07-05
715,125.199997,133.899994,125.050003,132.300003,116.50338,38919706,2018-07-06
716,134,135.600006,130,130.899994,117.427353,26299208,2018-07-09
717,131.550003,135,131.5,133.949997,122.43634,19578782,2018-07-10
718,134.050003,135.600006,132.199997,133.149994,121.705086,16056058,2018-07-11
719,134.199997,137.100006,133.600006,133.949997,122.43634,16815583,2018-07-12
720,135.25,136.25,132.050003,132.5,121.11097,12610591,2018-07-13
721,133.050003,133.449997,120.400002,125.699997,114.895462,30874390,2018-07-16
722,126,133.899994,125.699997,128.550003,117.500496,53446442,2018-07-17
723,129.75,129.75,109.300003,110.550003,101.047684,123356257,2018-07-18
724,112.349998,113.550003,105,105.699997,96.614555,137308183,2018-07-19
725,106.5,110,105.800003,107.449997,98.214134,60955186,2018-07-20
726,109,110.400002,107.900002,109.099998,99.722313,34426719,2018-07-23
727,109.300003,113.25,109.25,112.75,103.058578,33378178,2018-07-24
728,113.5,113.650002,109.599998,110.150002,100.68206,24700014,2018-07-25
729,110.650002,113,110.5,112.050003,102.418747,23817204,2018-07-26
730,112.300003,113.5,111.199997,112.849998,103.149979,20953092,2018-07-27
731,112.949997,114.699997,111.699997,113,103.287094,22155360,2018-07-30
732,112.699997,113.449997,110.900002,112.800003,103.104279,19456358,2018-07-31
733,112.400002,119.400002,112,118.900002,108.679955,64224716,2018-08-01
734,119.199997,121.349998,116.300003,120.25,109.913918,46700886,2018-08-02
735,121.5,123.449997,117.699997,118.199997,108.040123,35159097,2018-08-03
736,118.5,119.800003,116.75,118.25,108.085823,17891904,2018-08-06
737,118.900002,121.300003,118.300003,119.550003,109.274094,18285125,2018-08-07
738,120,126.699997,119.050003,125.699997,114.895462,50058805,2018-08-08
739,126,129.75,124.75,129.25,118.14032,27080247,2018-08-09
740,129,131.649994,126.5,127.550003,116.586449,27556350,2018-08-10
741,126.75,128.550003,124.900002,125.5,114.712654,21197774,2018-08-13
742,125.900002,127.199997,123.75,126,115.169678,17243718,2018-08-14
743,125.449997,128,125.050003,126.199997,115.352486,12094950,2018-08-16
744,126.599998,129.199997,126.599998,128.350006,117.317688,13836217,2018-08-17
745,128.949997,130.199997,127.349998,128.300003,117.271988,13100525,2018-08-20
746,128.5,129.600006,127.599998,128.699997,117.637596,10482675,2018-08-21
747,129,132.899994,127.75,132.300003,120.928162,25865132,2018-08-23
748,131.949997,133.350006,128.600006,129.199997,118.09462,21399785,2018-08-24
749,130.100006,133.449997,129.600006,132.850006,121.430885,18964772,2018-08-27
750,134,134.649994,131.75,132.350006,120.973862,16703462,2018-08-28
751,132.600006,133.350006,131.149994,131.899994,120.562538,13154649,2018-08-29
752,132,132.699997,130.550003,130.850006,119.602798,14270655,2018-08-30
753,131.100006,131.75,127.800003,129.050003,117.957512,17591019,2018-08-31
754,132.899994,135,132.300003,133.449997,121.979309,32752122,2018-09-03
755,133.949997,134.300003,125.75,127.849998,116.860657,24168492,2018-09-04
756,127.849998,129,124.550003,127.449997,116.495041,23993277,2018-09-05
757,128.699997,130.449997,127.75,129.699997,118.551636,12583886,2018-09-06
758,130.550003,132.649994,129.800003,132,120.653946,15237272,2018-09-07
759,131.050003,131.800003,129.050003,129.649994,118.505936,9208973,2018-09-10
760,130.25,131.350006,127.050003,127.75,116.769249,14337826,2018-09-11
761,127.900002,128.649994,124.75,127.849998,116.860657,15827735,2018-09-12
762,129.100006,133.149994,129.100006,131.25,119.968414,18660836,2018-09-14
763,130.600006,130.600006,127.099998,127.449997,116.495041,13287955,2018-09-17
764,127.75,128.800003,125.800003,126.400002,115.535294,10849235,2018-09-18
765,127.300003,127.949997,125,125.800003,114.98687,10675955,2018-09-19
766,126.900002,128.050003,113.300003,122.300003,111.787712,19321909,2018-09-21
767,122.300003,122.949997,117.849998,120.349998,110.005318,18748891,2018-09-24
768,119.949997,123.449997,117.900002,121.900002,111.422089,24230423,2018-09-25
769,122.25,123.300003,119.5,120.650002,110.279541,11082330,2018-09-26
770,121.400002,122.900002,119.800003,120.400002,110.051025,13346245,2018-09-27
771,121.25,122,117.550003,119.099998,108.862762,20883121,2018-09-28
772,118.699997,121.050003,112.25,120.150002,109.82251,33157247,2018-10-01
773,120.800003,121.400002,118.599998,119.150002,108.908463,17262790,2018-10-03
774,117.400002,120,115.199997,118.050003,107.903023,18820134,2018-10-04
775,117.099998,117.949997,101.650002,107.75,98.48835,31157884,2018-10-05
776,107.75,111.900002,104.099998,109.150002,99.768021,28067992,2018-10-08
777,110,111.650002,107.300003,110.849998,101.321892,22219546,2018-10-09
778,110.900002,115.400002,110.550003,114.550003,104.703865,20790100,2018-10-10
779,109.699997,114.199997,108.25,111.800003,102.190239,22962929,2018-10-11
780,113.699997,118.5,112.550003,115.800003,105.846413,22021483,2018-10-12
781,117.349998,117.900002,115.5,117.050003,106.988976,13466169,2018-10-15
782,118.25,121.900002,117.599998,120.550003,110.188133,28775165,2018-10-16
783,122,123.099998,112.550003,114.300003,104.475357,23817952,2018-10-17
784,114.199997,115.349998,111.800003,112.5,102.830063,18222537,2018-10-19
785,114.25,115.199997,112.050003,112.800003,103.104279,14948095,2018-10-22
786,112.400002,113.349998,109.800003,111.449997,101.870323,10546934,2018-10-23
787,113,118,112.050003,116.800003,106.760468,21635405,2018-10-24
788,113.599998,115.400002,111.449997,112.849998,103.149979,16808400,2018-10-25
789,112.900002,114.650002,111.099998,113.150002,103.424194,14901621,2018-10-26
790,113.5,115.699997,111.599998,115.25,105.343689,16836664,2018-10-29
791,114.5,116.75,114.199997,115,105.115181,13868396,2018-10-30
792,115,115.900002,112.199997,114.699997,104.840965,19798678,2018-10-31
793,115.5,116.849998,112.349998,113.349998,103.606995,29711234,2018-11-01
794,114.400002,118.449997,113.800003,117.699997,107.583099,24471836,2018-11-02
795,117.650002,121.849998,116.199997,120.699997,110.325233,23855608,2018-11-05
796,121.349998,122.150002,118.699997,120.900002,110.508049,16862260,2018-11-06
797,122.75,122.849998,121.5,121.849998,111.376381,3042907,2018-11-07
798,122.400002,122.400002,117.800003,118.25,108.085823,21816053,2018-11-09
799,118.599998,119.349998,116.050003,118.300003,108.131531,16269886,2018-11-12
800,118.25,119.349998,117.099998,119,108.771362,15407719,2018-11-13
801,113.400002,114,106,106.5,97.345795,97513684,2018-11-14
802,107.5,108.050003,105.5,106.099998,96.980179,40979357,2018-11-15
803,106.550003,107.5,105.050003,105.550003,96.477463,23698703,2018-11-16
804,105.949997,109.5,105.5,108.800003,99.448105,29892053,2018-11-19
805,108.900002,110.25,106.849998,107.650002,98.39695,30908911,2018-11-20
806,107.599998,110.900002,107.199997,110.300003,100.819168,28795021,2018-11-21
807,110.300003,111.349998,109,109.300003,99.905128,22767697,2018-11-22
808,109.900002,110.599998,107,108.900002,99.539505,22402073,2018-11-26
809,108.5,110.699997,108.349998,110.300003,100.819168,17013841,2018-11-27
810,110.449997,111.5,108,108.349998,99.036781,19349547,2018-11-28
811,109.150002,111.050003,108.550003,110.150002,100.68206,18550367,2018-11-29
812,110.25,112.650002,110.25,112.349998,102.692955,24350704,2018-11-30
813,112.449997,112.449997,106,107.150002,97.939926,38877711,2018-12-03
814,107.199997,108.25,106.400002,107.300003,98.077034,19205961,2018-12-04
815,106.650002,106.900002,102.650002,103.599998,94.695061,35663386,2018-12-05
816,102.349998,102.699997,101.099998,102.099998,93.323997,21429046,2018-12-06
817,102.400002,103.699997,101.25,102.900002,94.055237,16073694,2018-12-07
818,101,101.5,97.699997,100.449997,91.815819,17819978,2018-12-10
819,98.75,104.300003,98.400002,103.199997,94.329453,19315997,2018-12-11
820,104.199997,106.849998,104.050003,105.150002,96.111839,18368690,2018-12-12
821,106.949997,106.949997,103.75,104.400002,95.4263,14387333,2018-12-13
822,103.650002,105.050003,103,104.050003,95.106384,12567569,2018-12-14
823,104.75,106.300003,104.400002,106,96.888779,11255782,2018-12-17
824,105.400002,105.800003,104,104.800003,95.791916,10904597,2018-12-18
825,105.099998,108.5,105.099998,107.699997,98.442642,18023307,2018-12-19
826,107.349998,108.900002,105.849998,106.150002,97.025879,14677973,2018-12-20
827,106.449997,107,103.550003,105.349998,96.294647,19003345,2018-12-21
828,105.449997,105.449997,103.75,104.599998,95.609108,9663127,2018-12-24
829,104,104.300003,102,103.900002,94.969276,10559085,2018-12-26
830,104.800003,105,102.699997,103,94.146645,10605851,2018-12-27
831,103.050003,104.400002,102.550003,102.75,93.918129,12224599,2018-12-28
832,103.900002,103.900002,102.199997,102.5,93.689621,11768308,2018-12-31
833,102.849998,102.900002,100.849998,102.5,93.689621,13384173,2019-01-01
834,102.050003,102.300003,99,99.949997,91.358803,40123864,2019-01-02
835,99.75,100.300003,97.900002,98.150002,89.713524,24374807,2019-01-03
836,98.150002,98.75,96,96.800003,88.479561,24533568,2019-01-04
837,98,98.050003,93.050003,93.449997,85.417503,34348346,2019-01-07
838,93.199997,94.150002,92.449997,93.050003,85.051895,30663741,2019-01-08
839,94.199997,95.599998,93.349998,94.449997,86.331551,27548584,2019-01-09
840,96.599998,96.599998,94.800003,95,86.834274,32312717,2019-01-10
841,95.150002,95.449997,93.699997,94.300003,86.19445,14986175,2019-01-11
842,94.300003,94.300003,92.699997,93.5,85.463211,12855740,2019-01-14
843,93.5,94.449997,93.25,93.599998,85.554619,11106564,2019-01-15
844,93.5,94.300003,93.449997,93.949997,85.874535,10035208,2019-01-16
845,94.150002,94.449997,93.050003,93.25,85.234695,8949001,2019-01-17
846,93.349998,93.550003,92,92.300003,84.366364,10880766,2019-01-18
847,92.349998,92.599998,90.349998,90.599998,82.812477,11361469,2019-01-21
848,89.25,89.400002,86.5,87.949997,80.390266,28973401,2019-01-22
849,87.900002,89.5,87.199997,89.150002,81.487114,13463017,2019-01-23
850,89.150002,89.25,84.5,84.800003,77.511017,31366207,2019-01-24
851,85.300003,85.849998,82.199997,82.599998,75.500122,24874754,2019-01-25
852,82.599998,83.5,80.800003,83,75.865738,20419146,2019-01-28
853,83,83.599998,81.650002,82.300003,75.225914,23195132,2019-01-29
854,82.5,83.050003,80.699997,80.949997,73.991943,17250863,2019-01-30
855,81.300003,82.199997,79.550003,81.300003,74.311867,36294901,2019-01-31
856,81.75,87.199997,80.849998,83.550003,76.368462,65021097,2019-02-01
857,84.099998,84.300003,81.550003,82.300003,75.225914,17072907,2019-02-04
858,82,83.400002,81.199997,82.150002,75.088806,16979058,2019-02-05
859,82.300003,83.150002,80.5,82.550003,75.454422,13068393,2019-02-06
860,82.650002,88.5,82.400002,87.75,80.207451,42292682,2019-02-07
861,88,88.050003,85.599998,87.050003,79.567619,20469839,2019-02-08
862,86.800003,86.800003,82.599998,83.099998,75.957146,18189713,2019-02-11
863,83,83.550003,81,81.199997,74.220459,15898399,2019-02-12
864,78.5,87.099998,77.75,84.449997,77.191093,45263573,2019-02-14
865,81.800003,82.349998,78,79.949997,73.077904,53819329,2019-02-15
866,79.800003,79.949997,77.599998,79.199997,72.392372,18434019,2019-02-18
867,80,81.199997,78.5,79.199997,72.392372,33017444,2019-02-19
868,79.800003,81.5,79.800003,80.949997,73.991943,25543536,2019-02-20
869,81.5,81.650002,80.199997,81.150002,74.174751,18529079,2019-02-21
870,81,82.849998,80.75,81.849998,74.814583,28694764,2019-02-22
871,82.449997,83.5,81.75,83.25,76.094246,17273781,2019-02-25
872,82.349998,83.75,80.5,83.300003,76.139961,24243625,2019-02-26
873,83.650002,85.699997,82.349998,84.849998,77.556717,37470474,2019-02-27
874,85.900002,87,85.199997,86.5,79.064896,40784271,2019-02-28
875,87.400002,87.900002,84.400002,86.599998,79.156296,34521039,2019-03-01
876,86.699997,91,85.800003,90.5,82.721077,35128559,2019-03-05
877,91.949997,92.849998,89.900002,90.599998,82.812477,37509378,2019-03-06
878,90.949997,92.099998,89.400002,90.900002,83.086693,23050857,2019-03-07
879,90.900002,90.949997,89.300003,89.650002,81.944145,19294489,2019-03-08
880,90.800003,93.599998,90.099998,93.050003,85.051895,22713360,2019-03-11
881,94.050003,95.5,92.599998,92.949997,84.96048,36928756,2019-03-12
882,92.949997,94.400002,92,93.800003,85.737427,19828846,2019-03-13
883,94.099998,94.5,92.849998,93.949997,85.874535,18356759,2019-03-14
884,93.949997,95,93.650002,94.099998,86.011642,24437891,2019-03-15
885,94.300003,94.449997,91.150002,92.400002,84.457764,22606290,2019-03-18
886,92.400002,92.650002,90.900002,91.400002,83.543724,15395289,2019-03-19
887,91.5,91.800003,90.050003,90.849998,83.040993,11856254,2019-03-20
888,91,92,89.25,89.599998,81.89843,17105182,2019-03-22
889,89,89.25,87.300003,87.5,79.978935,11836240,2019-03-25
890,87.599998,88.099998,85.349998,86.300003,78.882095,20235983,2019-03-26
891,86.699997,87.75,85.099998,85.449997,78.105148,25086886,2019-03-27
892,85.599998,89.699997,85.300003,88.599998,80.98439,26677216,2019-03-28
893,92.199997,92.900002,90.099998,90.349998,82.583961,26616287,2019-04-01
894,90.800003,91.25,88.599998,89.550003,81.85273,19323952,2019-04-02
895,89.800003,90.800003,87.5,87.800003,80.253151,19962585,2019-04-03
896,87.5,88.800003,87,87.449997,79.933228,19328175,2019-04-04
897,87.900002,88.5,86.900002,87.75,80.207451,14721025,2019-04-05
898,88.25,88.949997,86.800003,87.25,79.750427,14834678,2019-04-08
899,87.300003,92.800003,86.199997,91.699997,83.817924,41766873,2019-04-09
900,91.900002,92.300003,90.400002,91.550003,83.680824,28021324,2019-04-10
901,91.599998,95,91.300003,94.5,86.377258,40272653,2019-04-11
902,94.400002,96.300003,93.400002,95.650002,87.428413,26390565,2019-04-12
903,97,97.300003,95.099998,95.75,87.519814,29805368,2019-04-15
904,96.099998,97.75,95.599998,96.349998,88.06823,25209332,2019-04-16
905,97,97.199997,94.050003,95.75,87.519814,19780948,2019-04-18
906,95.800003,95.849998,91.800003,92.150002,84.229248,19341457,2019-04-22
907,92.5,93.25,91.199997,91.550003,83.680824,19425738,2019-04-23
908,91.599998,92.5,90.550003,91.25,83.406609,17671024,2019-04-24
909,91.449997,92.5,89.550003,89.849998,82.126945,23972672,2019-04-25
910,89.75,90.150002,88.099998,88.5,80.89299,16125203,2019-04-26
911,87.900002,88.349998,85.300003,86.949997,79.476212,19935462,2019-04-30
912,87.099998,91.800003,85.800003,89.550003,81.85273,58223470,2019-05-02
913,90,91,88.599998,89.599998,81.89843,23708069,2019-05-03
914,88.949997,89.400002,87.75,88.050003,80.481674,12211735,2019-05-06
915,88.699997,88.800003,85.599998,85.949997,78.562172,14500633,2019-05-07
916,85.349998,86.400002,84.949997,85.949997,78.562172,13038488,2019-05-08
917,85.599998,85.949997,83,84.849998,77.556717,22648198,2019-05-09
918,84.849998,86.25,84.849998,85.900002,78.516472,13767863,2019-05-10
919,85.800003,86.5,82.599998,83,75.865738,13918199,2019-05-13
920,83,85.599998,82.050003,84.599998,77.328209,18328116,2019-05-14
921,85,85.800003,81.449997,81.949997,74.905983,17950986,2019-05-15
922,81.949997,83.949997,81.400002,82.900002,75.774338,14994353,2019-05-16
923,83.099998,85.050003,82.599998,84.5,77.236801,13305907,2019-05-17
924,87.800003,88.300003,86.199997,87.550003,80.024643,34895381,2019-05-20
925,88.400002,89.800003,87.199997,88.25,80.664474,27443220,2019-05-21
926,88.849998,89,85.900002,87.849998,80.298859,18235187,2019-05-22
927,90,91.849998,88.400002,88.849998,81.212906,31464067,2019-05-23
928,88.849998,95,88.849998,93.800003,85.737427,53728065,2019-05-24
929,91.699997,91.75,89.550003,91.150002,83.315208,37249413,2019-05-27
930,92,93.849998,90.800003,91.199997,83.360909,30575742,2019-05-28
931,90.800003,91,89.050003,89.699997,81.989838,15951343,2019-05-29
932,89.900002,90.75,89.199997,90.449997,82.675362,19711797,2019-05-30
933,90.449997,90.550003,87.650002,88.849998,81.212906,20759367,2019-05-31
934,88.849998,92.300003,87.800003,91.849998,83.95504,34358814,2019-06-03
935,91.849998,93.75,91.349998,93.050003,85.051895,24114157,2019-06-04
936,93.050003,93.150002,90.400002,91.300003,83.452316,19319345,2019-06-06
937,91.150002,91.75,89.099998,90,82.264046,16922481,2019-06-07
938,91.449997,91.599998,89.25,90.699997,82.903885,15352497,2019-06-10
939,90.900002,91.75,89.75,91.199997,83.360909,14535974,2019-06-11
940,90.599998,91.300003,88.849998,89.25,81.578522,13506820,2019-06-12
941,89.050003,89.199997,87.050003,88.099998,80.527374,14582200,2019-06-13
942,87.599998,88.800003,87.199997,87.650002,80.116051,11149101,2019-06-14
943,87.5,87.650002,83.150002,83.650002,76.459869,24248588,2019-06-17
944,82.699997,84.650002,82.650002,83.650002,76.459869,16736759,2019-06-18
945,84.150002,84.800003,81.75,82.900002,75.774338,17456059,2019-06-19
946,80.699997,88.550003,80.400002,87.800003,80.253151,39656557,2019-06-20
947,86.949997,87.599998,85.75,86.5,79.064896,18399090,2019-06-21
948,86.650002,87.199997,85.199997,85.800003,78.425064,11625336,2019-06-24
949,85.800003,89.900002,85.099998,85.699997,78.333656,20836957,2019-06-25
950,85.650002,86.400002,84.800003,85.699997,78.333656,20424534,2019-06-26
951,86.050003,88.449997,85.800003,88,80.435966,23155847,2019-06-27
952,88.650002,88.650002,86.25,87.25,79.750427,14814608,2019-06-28
953,87.849998,88.5,86.5,87.099998,79.613327,14004525,2019-07-01
954,87.050003,88.099998,86.099998,87.849998,80.298859,12608552,2019-07-02
955,88,91,87.900002,90.300003,82.538269,24266937,2019-07-03
956,90.099998,90.550003,88.900002,89.949997,82.218346,12528964,2019-07-04
957,90.050003,90.449997,86.5,87.050003,79.567619,14998747,2019-07-05
958,86,86.199997,83.699997,84.800003,77.511017,15584784,2019-07-08
959,85.099998,86.199997,82.849998,83.800003,76.596977,17891519,2019-07-09
960,84,85.650002,83.550003,84.800003,77.511017,14004112,2019-07-10
961,85.949997,85.949997,83.25,85.150002,77.83094,21121339,2019-07-11
962,84.599998,85.650002,83.699997,84.900002,77.602417,17694386,2019-07-12
963,85.400002,86.150002,84.800003,85.449997,78.105148,11215658,2019-07-15
964,82.449997,86.650002,82.199997,86.349998,78.927788,28109904,2019-07-16
965,85.5,86.650002,85,85.449997,78.105148,11901649,2019-07-17
966,85.449997,85.449997,81.050003,81.449997,74.448959,24405105,2019-07-18
967,82,82.449997,79,79.349998,72.529472,22863618,2019-07-19
968,79.849998,80.5,78.150002,79.349998,72.529472,19431095,2019-07-22
969,77.800003,77.800003,74.599998,75,71.340469,33574191,2019-07-23
970,74.849998,75.300003,71.900002,72.550003,71.985413,29917145,2019-07-24
971,72.550003,73.199997,71.550003,72.300003,71.737358,17574892,2019-07-25
972,72.5,74.900002,72.349998,74.199997,73.622566,20215434,2019-07-26
973,74.099998,74.150002,70.699997,71.650002,71.092415,21564172,2019-07-29
974,71.5,72.449997,68,68.550003,68.016541,28661597,2019-07-30
975,67.949997,70.849998,67.550003,69.849998,69.306419,30181821,2019-07-31
976,69.900002,73.150002,67.150002,68.849998,68.314201,58774538,2019-08-01
977,68.699997,68.800003,60.849998,64.400002,63.898834,140584299,2019-08-02
978,63.900002,64.300003,61.650002,63.950001,63.452335,38872870,2019-08-05
979,63.400002,65.099998,62.700001,63.450001,62.956226,37426726,2019-08-06
980,63.5,64.5,60.700001,61.150002,60.674126,32589803,2019-08-07
981,61.650002,63.950001,60.799999,63.549999,63.055447,32732676,2019-08-08
982,64.150002,65.849998,63.150002,64.300003,63.799614,46588899,2019-08-09
983,64.5,64.650002,61.299999,61.549999,61.071011,22999939,2019-08-13
984,62,63.599998,60.299999,62.549999,62.063229,30875450,2019-08-14
985,61.799999,64.449997,61.349998,63.650002,63.154671,30292259,2019-08-16
986,63.75,65.25,63.400002,64.5,63.998055,24171538,2019-08-19
987,64.5,64.599998,63,63.849998,63.353111,17439363,2019-08-20
988,64,64.050003,61.25,61.900002,61.418289,26647994,2019-08-21
989,62.299999,62.5,57.400002,57.900002,57.449417,33586076,2019-08-22
990,57.25,60.700001,56.950001,60.25,59.781128,37001588,2019-08-23
991,65,66.25,59.599998,63.150002,62.658562,85564840,2019-08-26
992,63.450001,68.050003,63.299999,66.650002,66.131325,61055999,2019-08-27
993,67,67.550003,65.650002,66.75,66.230545,31618285,2019-08-28
994,65.900002,66.300003,64.349998,65.75,65.238327,20369412,2019-08-29
995,65.650002,65.900002,63.049999,64.449997,63.948441,25897781,2019-08-30
996,63.5,66.699997,61.799999,65.349998,64.841438,47837128,2019-09-03
997,64.650002,64.900002,61.150002,62.599998,62.112839,43789525,2019-09-04
998,62.599998,63.5,62.299999,63.049999,62.559338,32336123,2019-09-05
999,62.5,64.400002,62.25,63.900002,63.402725,32439839,2019-09-06
1000,62.599998,63.349998,62,62.900002,62.410507,29769848,2019-09-09
1001,62,64.699997,60.200001,63.700001,63.204281,62192949,2019-09-11
1002,63.549999,64.699997,62.099998,62.5,62.013618,32626666,2019-09-12
1003,62.5,64.199997,62.349998,63.450001,62.956226,41363429,2019-09-13
1004,62.75,63.450001,62.25,62.450001,61.964008,22607379,2019-09-16
1005,63.049999,63.150002,59.700001,59.950001,59.483463,31708818,2019-09-17
1006,60.349998,60.799999,57.450001,59.650002,59.185799,43758798,2019-09-18
1007,59.900002,59.900002,58,58.400002,57.945526,22588369,2019-09-19
1008,58.75,70.150002,57.700001,69.199997,68.661476,119981874,2019-09-20
1009,72.599998,83,71.550003,74.650002,74.069069,96866019,2019-09-23
1010,76.699997,77.599998,73.300003,75.150002,74.565178,63635601,2019-09-24
1011,74.75,75.449997,70.300003,70.75,70.199417,48548458,2019-09-25
1012,71,74.099998,70.050003,73.5,72.928017,44995349,2019-09-26
1013,73,73,71.150002,71.900002,71.340469,26521149,2019-09-27
1014,72.099998,72.25,65.900002,68.699997,68.165367,41578689,2019-09-30
1015,68,69.75,65,65.949997,65.436768,40792618,2019-10-01
1016,65,68.349998,64.349998,67.650002,67.123543,34086758,2019-10-03
1017,67.849998,72.650002,66.800003,68.050003,67.520432,55436660,2019-10-04
1018,66,66.650002,63.5,64.400002,63.898834,36232884,2019-10-07
1019,64.599998,69.75,64.449997,69.050003,68.51265,48874905,2019-10-09
1020,68.5,70.75,67.550003,68.849998,68.314201,41367276,2019-10-10
1021,68.900002,69.5,66.800003,68.650002,68.115761,28366152,2019-10-11
1022,68.849998,69.699997,66.699997,67.599998,67.073929,25586787,2019-10-14
1023,68,69.650002,67.349998,69.099998,68.562256,24809075,2019-10-15
1024,70,71.949997,69.099998,71.650002,71.092415,35894091,2019-10-16
1025,71.400002,74.099998,71,73.5,72.928017,28557723,2019-10-17
1026,73.800003,78.25,73.050003,77.5,76.896889,48555721,2019-10-18
1027,77.050003,77.150002,75.150002,76.050003,75.458176,25729454,2019-10-22
1028,75.949997,76.550003,73.699997,75.300003,74.714012,23077314,2019-10-23
1029,75.400002,77.25,74.75,75.849998,75.259727,23358581,2019-10-24
1030,75.599998,75.650002,73.150002,74.699997,74.118675,21594910,2019-10-25
1031,null,null,null,null,null,null,2019-10-27
1032,76,80.849998,75.699997,79.25,78.63327,43289235,2019-10-29
1033,79.900002,80.349998,77.550003,78.199997,77.591438,27208583,2019-10-30
1034,78.5,79.099998,76.300003,76.75,76.152725,22232632,2019-10-31
1035,76.75,77.449997,75.199997,75.949997,75.358948,24861078,2019-11-01
1036,75.050003,76.699997,74,75.199997,74.614784,19855689,2019-11-04
1037,75.150002,76.650002,74.699997,74.949997,74.36673,15228670,2019-11-05
1038,74.5,77.449997,74.400002,76.800003,76.202339,22004305,2019-11-06
1039,76.5,77.150002,75.150002,76.699997,76.103111,15633155,2019-11-07
1040,76.050003,79.25,75.699997,76.550003,75.954285,28384175,2019-11-08
1041,71,79.949997,71,79.199997,78.583656,74700629,2019-11-11
1042,78.5,82.650002,77.199997,80.599998,79.972763,53302413,2019-11-13
1043,80.199997,80.400002,77.400002,79,78.385216,26587855,2019-11-14
1044,82.900002,83.400002,78.900002,79.5,78.881325,46353490,2019-11-15
1045,80.199997,82.599998,78.800003,82.150002,81.510704,25361242,2019-11-18
1046,82.300003,82.449997,80.199997,82,81.36187,21836162,2019-11-19
1047,81.800003,84.699997,81,83,82.354088,32259341,2019-11-20
1048,83,84.199997,82.150002,82.5,81.857979,18297529,2019-11-21
1049,82.449997,82.75,80.699997,81.349998,80.716927,17038464,2019-11-22
1050,81.800003,83.650002,81.349998,83.349998,82.701363,14382133,2019-11-25
1051,84.25,84.5,80.449997,80.800003,80.171211,22669457,2019-11-26
1052,83,83.400002,80.800003,81.800003,81.163429,28362167,2019-11-27
1053,82.199997,82.300003,80.900002,81.449997,80.816147,15337865,2019-11-28
1054,81,82.099998,78.25,79.150002,78.53405,22446824,2019-11-29
1055,78.5,80.800003,77.5,79.599998,78.980545,27354475,2019-12-02
1056,79.75,80.099998,77.050003,77.699997,77.095329,11718674,2019-12-03
1057,77.449997,77.900002,75.849998,77.550003,76.946503,15559207,2019-12-04
1058,78,78.599998,76.150002,76.449997,75.855057,12040850,2019-12-05
1059,76.900002,77.199997,75.650002,76.5,75.904671,13925691,2019-12-06
1060,76.400002,78.25,75.949997,77.349998,76.748055,14167910,2019-12-09
1061,77.199997,77.699997,76.150002,76.849998,76.251945,9784165,2019-12-10
1062,76.5,77.800003,75.199997,76.5,75.904671,10109346,2019-12-11
1063,77.099998,78.949997,76.349998,78.5,77.889107,11998466,2019-12-12
1064,78.949997,82.099998,78.699997,80.949997,80.320038,22239728,2019-12-13
1065,81.449997,81.699997,79.099998,79.449997,78.831711,12241731,2019-12-16
1066,79.300003,80.849998,79.199997,80.5,79.873543,9981633,2019-12-17
1067,80.050003,81.300003,79.099998,79.900002,79.278214,12892036,2019-12-18
1068,79.849998,81.25,79.349998,81,80.369652,18428318,2019-12-19
1069,81.349998,82.099998,80.199997,80.400002,79.774323,19308087,2019-12-20
1070,80.400002,81.900002,79.800003,80.349998,79.724709,13804278,2019-12-23
1071,80.5,81,79.550003,79.900002,79.278214,9480343,2019-12-24
1072,79.949997,80.5,79.199997,79.449997,78.831711,10288471,2019-12-26
1073,79.5,80.5,79.199997,79.699997,79.079765,9314197,2019-12-27
1074,79.949997,82.050003,79.699997,81.800003,81.163429,17742752,2019-12-30
1075,81.849998,82.599998,81.199997,81.5,80.865761,15426363,2019-12-31
1076,81.949997,81.949997,80.800003,81.050003,80.419266,7797743,2020-01-01
1077,81,84.5,80.800003,84,83.346306,22915441,2020-01-02
1078,84.25,84.949997,82.900002,83.699997,83.048637,16113767,2020-01-03
1079,82.550003,83.150002,79.550003,80.349998,79.724709,15558034,2020-01-06
1080,81,82.449997,80.599998,82.099998,81.46109,16134697,2020-01-07
1081,80.300003,81.5,80,80.5,79.873543,11813306,2020-01-08
1082,81.5,82.800003,81.150002,82.449997,81.808365,18200762,2020-01-09
1083,82.849998,83,81.050003,81.349998,80.716927,19483444,2020-01-10
1084,81.849998,82.400002,81.199997,81.650002,81.014595,11504002,2020-01-13
1085,81.650002,81.900002,80.800003,81.349998,80.716927,13478329,2020-01-14
1086,81.599998,82.800003,80.599998,82.5,81.857979,18973316,2020-01-15
1087,82.800003,84,82.300003,83.550003,82.899811,17444288,2020-01-16
1088,83.349998,84.75,83.099998,84,83.346306,11892599,2020-01-17
1089,84.050003,85.949997,84,84.800003,84.140083,21008247,2020-01-20
1090,84.199997,86.650002,83.599998,86.300003,85.62841,22562935,2020-01-21
1091,86.75,87.25,85,85.900002,85.231522,18524416,2020-01-22
1092,85.599998,87,85.599998,86.599998,85.926071,8669370,2020-01-23
1093,86.800003,87.5,86.099998,86.5,85.826851,8396545,2020-01-24
1094,85.800003,87,85,85.400002,84.735413,9090936,2020-01-27
1095,85.900002,86.849998,84.25,84.650002,83.991249,14793425,2020-01-28
1096,85.150002,85.599998,84.300003,84.599998,83.941635,7987239,2020-01-29
1097,84.550003,84.949997,82.25,83.400002,82.750977,12926430,2020-01-30
1098,83.699997,83.900002,81.5,81.949997,81.312256,11977376,2020-01-31
1099,77,79,74.800003,78,77.392998,29818912,2020-02-03
1100,78,79.300003,77.349998,79,78.385216,18338944,2020-02-04
1101,79.099998,82.300003,79.099998,80.349998,79.724709,23395561,2020-02-05
1102,80.75,81.900002,79.550003,80.949997,80.320038,20629194,2020-02-06
1103,81.199997,84.050003,79.800003,83.75,83.098251,29711890,2020-02-07
1104,83.550003,84.449997,81.900002,82.949997,82.304474,20133624,2020-02-10
1105,83.5,84.449997,82.599998,82.900002,82.254868,14986558,2020-02-11
1106,83,83.300003,81.050003,81.349998,80.716927,15046483,2020-02-12
1107,77.900002,82.900002,77.900002,81.550003,80.915375,42465314,2020-02-13
1108,81.400002,81.550003,79.699997,80.25,79.625488,20290024,2020-02-14
1109,80.25,82.699997,79.599998,81.550003,80.915375,19342729,2020-02-17
1110,81,81.5,79.150002,80.25,79.625488,18476820,2020-02-18
1111,80.449997,81.75,79.75,81.25,80.617706,17146555,2020-02-19
1112,81.300003,84.650002,81.199997,84.300003,83.643974,28489436,2020-02-20
1113,83,86.199997,82.599998,84.949997,84.28891,30055176,2020-02-24
1114,85,86.349998,80.099998,80.650002,80.022377,44612516,2020-02-25
1115,80.650002,81.900002,77.599998,77.949997,77.343384,32981809,2020-02-26
1116,77.900002,78.150002,74.75,76,75.408562,32696106,2020-02-27
1117,73,73.949997,69.5,69.900002,69.356033,35814841,2020-02-28
1118,71.5,74.949997,71.050003,73.900002,73.324905,39273874,2020-03-02
1119,74.099998,77,72.650002,75.449997,74.862839,23998122,2020-03-03
1120,76.25,76.25,70.800003,72.449997,71.886185,28071315,2020-03-04
1121,73.050003,74.099998,70.849998,71.800003,71.241249,33516020,2020-03-05
1122,68.949997,71.800003,66.199997,71.199997,70.645912,21046275,2020-03-06
1123,68.050003,71.349998,67.800003,68.849998,68.314201,22970003,2020-03-09
1124,69.199997,70.099998,67.949997,68.550003,68.016541,22236883,2020-03-11
1125,65,65.349998,60.549999,63.299999,62.807392,29550762,2020-03-12
1126,57,68.5,52,66.699997,66.180931,28001145,2020-03-13
1127,62.200001,66,62,63.349998,62.857002,17219253,2020-03-16
1128,63.5,66.050003,61.900002,64.150002,63.65078,19650731,2020-03-17
1129,65.400002,65.900002,63,64.25,63.75,18055664,2020-03-18
1130,57.400002,57.400002,47.099998,48.049999,48.049999,83214004,2020-03-19
1131,49.200001,49.400002,41.099998,43.950001,43.950001,96048135,2020-03-20
1132,40,42.650002,34,36.049999,36.049999,62112584,2020-03-23
1133,35.75,41.450001,35.150002,35.549999,35.549999,58887725,2020-03-24
1134,35.75,36.5,33.700001,34.450001,34.450001,57152693,2020-03-25
1135,35.450001,44.5,33.799999,42.849998,42.849998,100752167,2020-03-26
1136,46.5,51.349998,41.5,43.299999,43.299999,80011929,2020-03-27
1137,41.25,43.200001,40.599998,42.349998,42.349998,31795934,2020-03-30
1138,44.549999,44.650002,41.650002,43.049999,43.049999,32633949,2020-03-31
1139,43.049999,44.200001,40.099998,41.099998,41.099998,37099293,2020-04-01
1140,41.099998,41.150002,38,38.150002,38.150002,37555393,2020-04-03
1141,40,40.75,37.299999,39.849998,39.849998,49169938,2020-04-07
1142,39.849998,47.799999,38.75,43.849998,43.849998,76817308,2020-04-08
1143,45,46,44.049999,45.650002,45.650002,39546560,2020-04-09
1144,45.700001,47.099998,44.5,46.049999,46.049999,41848804,2020-04-13
1145,46.5,51.299999,46.299999,46.700001,46.700001,60309127,2020-04-15
1146,46.150002,47.849998,45.549999,46.950001,46.950001,29831447,2020-04-16
1147,49.400002,49.5,47.700001,48.900002,48.900002,27584065,2020-04-17
1148,49.450001,49.900002,47.450001,47.900002,47.900002,38050060,2020-04-20
1149,45.150002,46.150002,43.900002,44.099998,44.099998,23738147,2020-04-21
1150,44.099998,45.349998,43.5,44.950001,44.950001,24753678,2020-04-22
1151,45.950001,47.200001,45.650002,46.700001,46.700001,18761422,2020-04-23
1152,46,46.299999,44.599998,44.950001,44.950001,15044148,2020-04-24
1153,45.700001,46.200001,43.900002,44.299999,44.299999,20228019,2020-04-27
1154,45.200001,45.5,43.75,44.549999,44.549999,18534474,2020-04-28
1155,45.150002,48.75,44.549999,47.950001,47.950001,42144085,2020-04-29
1156,49.099998,53.200001,49.099998,52.349998,52.349998,56358089,2020-04-30
1157,50.049999,51.450001,48.25,49.299999,49.299999,32887553,2020-05-04
1158,49.700001,50.849998,47.900002,48.349998,48.349998,41056481,2020-05-05
1159,48.5,49.450001,47.200001,47.599998,47.599998,28838380,2020-05-06
1160,47.400002,48.950001,45.799999,46.099998,46.099998,21404250,2020-05-07
1161,47.400002,49.25,46.099998,47.049999,47.049999,30908883,2020-05-08
1162,47.549999,49.400002,46.549999,48.75,48.75,52620294,2020-05-11
1163,48.700001,49.099998,46.650002,48.599998,48.599998,24434204,2020-05-12
1164,52,52,48.150002,48.75,48.75,48002139,2020-05-13
1165,48,49.599998,47.400002,49.299999,49.299999,24670241,2020-05-14
1166,49.299999,49.400002,46.900002,47.150002,47.150002,30012924,2020-05-15
1167,47.200001,47.299999,42.5,43.849998,43.849998,42860432,2020-05-18
1168,44.299999,45.25,42.849998,43.049999,43.049999,26931868,2020-05-19
1169,43.049999,43.549999,42.349998,43.349998,43.349998,26022960,2020-05-20
1170,43.349998,46.5,43.049999,46.099998,46.099998,42517927,2020-05-21
1171,45.650002,45.799999,43.400002,43.599998,43.599998,29579130,2020-05-22
1172,44,44.549999,43.099998,43.549999,43.549999,25975086,2020-05-26
1173,43.799999,44.099998,43,43.200001,43.200001,30177711,2020-05-27
1174,43.700001,44.75,43.200001,44.400002,44.400002,40119059,2020-05-28
1175,43.75,44.349998,42,42.450001,42.450001,161896457,2020-05-29
1176,43.849998,47.349998,43.5,46.400002,46.400002,85516109,2020-06-01
1177,46.400002,48.099998,45,47.700001,47.700001,58619362,2020-06-02
1178,48.5,49.099998,46.700001,47.150002,47.150002,39534733,2020-06-03
1179,47.150002,47.200001,45.25,45.75,45.75,51798931,2020-06-04
1180,46.299999,49.049999,45.5,48.349998,48.349998,86626744,2020-06-05
1181,50,54.299999,49.650002,53.049999,53.049999,127005924,2020-06-08
1182,54.549999,55.349998,50.099998,50.75,50.75,74461214,2020-06-09
1183,51,53.200001,50.75,52.700001,52.700001,53552512,2020-06-10
1184,52.099998,52.349998,50.700001,51.099998,51.099998,40374949,2020-06-11
1185,47.099998,52.75,47.099998,52.349998,52.349998,48099060,2020-06-12
1186,52.349998,53.799999,51.049999,51.75,51.75,41216921,2020-06-15
1187,53.049999,53.150002,49.75,50.849998,50.849998,35077339,2020-06-16
1188,50.5,51.299999,49.599998,50.5,50.5,19478299,2020-06-17
1189,50.299999,51.400002,50.099998,51.150002,51.150002,17549274,2020-06-18
1190,51.299999,54.900002,51.099998,54.349998,54.349998,60314031,2020-06-19
1191,54.450001,55.700001,53.75,54.599998,54.599998,38409480,2020-06-22
1192,55.200001,56.5,53.650002,56.25,56.25,44077677,2020-06-23
1193,56.950001,58.5,53.650002,54.150002,54.150002,59320628,2020-06-24
1194,54,54.799999,52.5,53.450001,53.450001,47193437,2020-06-25
1195,55,55.5,51.799999,52.450001,52.450001,75774210,2020-06-26
1196,51.650002,51.849998,48.450001,48.599998,48.599998,76140969,2020-06-29
1197,49.200001,49.900002,46.650002,46.950001,46.950001,61764123,2020-06-30
1198,47.549999,48.599998,46.849998,48.200001,48.200001,52568135,2020-07-01
1199,48.25,49.450001,47.900002,49.099998,49.099998,42265025,2020-07-02
1200,49.599998,49.599998,48.450001,49.099998,49.099998,26948635,2020-07-03
1201,49.799999,52,49.450001,51.75,51.75,58136383,2020-07-06
1202,52,52.650002,50.849998,51.900002,51.900002,44498226,2020-07-07
1203,52.150002,53.400002,51.599998,51.950001,51.950001,55030505,2020-07-08
1204,52.5,52.700001,51.75,52.150002,52.150002,23041415,2020-07-09
1205,51.5,52.200001,50.599998,51.150002,51.150002,28983326,2020-07-10
1206,51.599998,52.450001,50.599998,50.799999,50.799999,22917791,2020-07-13
1207,50.900002,50.900002,48.700001,50.400002,50.400002,31559332,2020-07-14
1208,50.400002,51,49,49.299999,49.299999,26806872,2020-07-15
1209,49.349998,50.5,48.349998,50.200001,50.200001,23238290,2020-07-16
1210,50.849998,52.5,50.400002,51.75,51.75,35679122,2020-07-17
1211,52.200001,52.799999,51.25,51.549999,51.549999,31407348,2020-07-20
1212,52.049999,53.150002,51.799999,52.450001,52.450001,35339133,2020-07-21
1213,52.450001,52.599998,50.900002,51.650002,51.650002,27100245,2020-07-22
1214,51.549999,52.549999,51,52,52,14462940,2020-07-23
1215,51.450001,52.75,49.900002,50.400002,50.400002,38254625,2020-07-24
1216,50.900002,50.900002,48.900002,49.349998,49.349998,21553270,2020-07-27
1217,49.400002,51.450001,49.299999,51.150002,51.150002,39602333,2020-07-28
1218,50.900002,52,50.650002,51.200001,51.200001,26869189,2020-07-29
1219,51.25,51.549999,49,49.150002,49.150002,30168975,2020-07-30
1220,49.25,49.400002,48,48.650002,48.650002,24647134,2020-07-31
1221,49,50.5,48.650002,49.299999,49.299999,38014791,2020-08-03
1222,49.700001,50.25,49.299999,49.599998,49.599998,22245978,2020-08-04
1223,49.900002,50.200001,48.849998,49,49,31666335,2020-08-05
1224,49.599998,49.650002,48.849998,49.049999,49.049999,20389555,2020-08-06
1225,49.150002,50.400002,48.849998,49.950001,49.950001,28799077,2020-08-07
1226,50.549999,51.849998,50.349998,51.400002,51.400002,33046251,2020-08-10
1227,51.900002,52.400002,50.599998,52.200001,52.200001,33476192,2020-08-11
1228,52.200001,54.099998,51.900002,53.950001,53.950001,52069974,2020-08-12
1229,53,62,52.299999,61.099998,61.099998,245006352,2020-08-13
