id,Open,High,Low,Close,Adj Close,Volume,Date
1,470.125,486,467.149994,483.475006,462.981476,5824010,2015-08-14
2,483,483,473.024994,475.350006,455.200806,4963652,2015-08-17
3,478,478,471.100006,472.049988,452.04071,3031166,2015-08-18
4,472,480.5,469.725006,477.299988,457.068115,4058402,2015-08-19
5,479.975006,479.975006,456.875,458.149994,438.729919,8689858,2015-08-20
6,455,455.950012,448.5,453.975006,434.731903,9166424,2015-08-21
7,440,440,409,414.774994,397.193512,16291446,2015-08-24
8,420.424988,430.325012,411.600006,424.075012,406.099335,22631686,2015-08-25
9,423.899994,437.399994,420,426.700012,408.613007,8665824,2015-08-26
10,433.399994,440.625,428.524994,434.575012,416.154236,12342370,2015-08-27
11,437.5,441.5,433.049988,436.200012,417.710358,4923780,2015-08-28
12,436.424988,436.424988,426.899994,427.950012,409.810028,9467432,2015-08-31
13,426.950012,426.950012,417.549988,419.924988,402.125183,9895684,2015-09-01
14,425,428.549988,421.299988,424.774994,406.769623,8984402,2015-09-02
15,427.024994,430.375,422.200012,426.924988,408.828461,5330550,2015-09-03
16,424.850006,424.850006,412.549988,417.950012,400.233917,7406072,2015-09-04
17,419.125,422,413.850006,416.600006,398.941132,4678930,2015-09-07
18,418,426.475006,412.549988,424.299988,406.314758,5897660,2015-09-08
19,430.5,439.350006,425.25,437.024994,418.500336,7927582,2015-09-09
20,430.5,435.25,427.75,433.5,415.124756,5062846,2015-09-10
21,436,438.049988,428.100006,430.475006,412.227997,4861888,2015-09-11
22,430.875,432.850006,425.950012,431.924988,413.616516,3640906,2015-09-14
23,431,435,427.799988,433.5,415.124756,5261888,2015-09-15
24,436.049988,438.674988,432.600006,436.274994,417.782135,6137372,2015-09-16
25,439.225006,449.75,438.575012,447.700012,428.72287,15663184,2015-09-18
26,440,444.100006,438.024994,439.049988,420.439514,5820728,2015-09-21
27,440,442.450012,422.25,423.950012,405.979584,7198324,2015-09-22
28,421.5,428.399994,420,425.174988,407.152649,6958648,2015-09-23
29,424,424,417.375,418.674988,400.928162,13293018,2015-09-24
30,419.899994,420.450012,414.350006,417.125,399.443878,5314394,2015-09-28
31,415,425.125,413.049988,420.375,402.556122,7247674,2015-09-29
32,425.5,432.399994,419.25,431.149994,412.874359,7905330,2015-09-30
33,436.975006,436.975006,429.299988,432.350006,414.023499,3960612,2015-10-01
34,431.399994,445,430.924988,444,425.179657,7321708,2015-10-05
35,447.825012,450.25,442.875,449.024994,429.991669,5636996,2015-10-06
36,447.350006,459.024994,445.5,456.899994,437.532928,5264358,2015-10-07
37,457.450012,457.450012,443.125,444.549988,425.70639,4915978,2015-10-08
38,447.024994,452.725006,440.75,443.674988,424.868469,4264390,2015-10-09
39,444,450.799988,444,445.875,426.975189,2840098,2015-10-12
40,442.524994,448.149994,441.450012,446.799988,427.860962,2817316,2015-10-13
41,447.899994,452.5,446.975006,451.475006,432.33786,3658514,2015-10-14
42,453.850006,455.5,450.049988,451.850006,432.69693,4136660,2015-10-15
43,452.25,457.399994,451.850006,457.399994,438.011688,6970386,2015-10-16
44,470.5,482.75,470.5,481.75,461.329559,15317750,2015-10-19
45,482.5,483.350006,476.5,478.350006,458.0737,8271006,2015-10-20
46,477.75,487.399994,476.5,477.5,457.259674,6585230,2015-10-21
47,481.975006,486.524994,470.575012,477.825012,457.570953,5556136,2015-10-23
48,480.950012,481.5,470.649994,471.424988,451.442169,5000840,2015-10-26
49,469.399994,474.125,468.700012,469.774994,449.862152,5303952,2015-10-27
50,468.450012,472.450012,464.950012,468.475006,448.617249,5467128,2015-10-28
51,468,472.5,467.475006,470.5,450.556427,6071344,2015-10-29
52,471.049988,477.950012,470.049988,473.850006,453.764435,6110650,2015-10-30
53,474.5,480.75,472.600006,479.899994,459.557983,3301676,2015-11-02
54,481.625,485.225006,480.625,483.600006,463.101135,5199592,2015-11-03
55,484,487.5,473.100006,475.649994,455.488098,4586836,2015-11-04
56,474.5,475.5,466.5,468.299988,448.449677,4922518,2015-11-05
57,469.725006,477.375,468.950012,476.200012,456.014801,3825198,2015-11-06
58,466.75,482.5,461.725006,480.625,460.252289,7786320,2015-11-09
59,478.5,479.75,458.149994,461.375,441.818207,5251122,2015-11-10
60,457.524994,469.274994,457.25,466.524994,446.749908,6255098,2015-11-13
61,463,471,462.375,467.149994,447.348419,7015926,2015-11-16
62,469.024994,469.450012,463.100006,463.875,444.21225,3926210,2015-11-17
63,463.799988,465.649994,454.975006,456,436.671021,5142766,2015-11-18
64,459.450012,469.350006,458.625,467.375,447.563873,5569752,2015-11-19
65,467,476.399994,462.774994,473.424988,453.357422,5167930,2015-11-20
66,475,478.950012,473.100006,476.875,456.661224,4800026,2015-11-23
67,476.5,485.799988,475.524994,483.850006,463.340515,6768886,2015-11-24
68,485.5,495.975006,484.125,494.325012,473.371552,10883224,2015-11-26
69,494.5,496.25,487.049988,489.524994,468.774963,4979394,2015-11-27
70,489.25,492.200012,481.149994,483.549988,463.053223,13678054,2015-11-30
71,482,489.399994,480.625,482.950012,462.478699,5934650,2015-12-01
72,483.125,489.850006,482.25,488.975006,468.248291,3462408,2015-12-02
73,487.450012,494.475006,487.049988,488.600006,467.88916,5194048,2015-12-03
74,486.149994,488.100006,480.700012,482.725006,462.263214,6146002,2015-12-04
75,482.725006,486.5,474.875,476.024994,455.847229,6621556,2015-12-07
76,474.450012,476.799988,468.049988,470.450012,450.508545,3443452,2015-12-08
77,468.100006,471.725006,456.424988,457.950012,438.538361,4194236,2015-12-09
78,461.25,476.899994,460,475.174988,455.033234,8499730,2015-12-10
79,475.875,479.5,471.450012,476.475006,456.278137,8300090,2015-12-11
80,473.799988,481.75,473,477.549988,457.307526,4829460,2015-12-14
81,478.5,488.975006,476.825012,487.950012,467.266724,7186122,2015-12-15
82,487.950012,493.774994,486.75,489.325012,468.583435,5530496,2015-12-16
83,490.024994,507.5,489,504.850006,483.450378,8854870,2015-12-17
84,501.899994,504.5,495,495.950012,474.927643,7322040,2015-12-18
85,493.950012,499.5,492.174988,496.049988,475.023376,5637670,2015-12-21
86,496.399994,501.299988,492,493.649994,472.725128,5293656,2015-12-22
87,495.899994,503.450012,495,501.899994,480.625427,5906346,2015-12-23
88,501.950012,503.600006,498.149994,500.274994,479.069305,5441138,2015-12-24
89,500.299988,506.875,500,505.200012,483.785553,5891016,2015-12-28
90,505.200012,509.350006,503.575012,507.700012,486.179596,6818120,2015-12-29
91,507.5,508,501,502.25,480.960602,3726642,2015-12-30
92,501.700012,509.850006,499.549988,507.299988,485.796509,8450132,2015-12-31
93,504.899994,509.450012,504.100006,507.674988,486.15564,2476270,2016-01-01
94,502.5,506.899994,493.350006,497.649994,476.555573,13793142,2016-01-04
95,500.149994,505,498.5,502.575012,481.27179,6832918,2016-01-05
96,503.799988,519.200012,500.200012,516.099976,494.223511,12233710,2016-01-06
97,510.524994,514,504.024994,506.625,485.150116,9024438,2016-01-07
98,510,516.450012,508.350006,512.875,491.135223,9743678,2016-01-08
99,507.975006,530.400024,505.5,525.799988,503.512329,13265342,2016-01-11
100,527.5,532.700012,520.549988,522.724976,500.567719,10685522,2016-01-12
101,526.549988,544.875,523.599976,538.424988,515.602234,32825622,2016-01-13
102,531.924988,540.5,526.525024,530.825012,508.324341,12719826,2016-01-14
103,534.875,544.75,532.799988,536.650024,513.902466,13151450,2016-01-15
104,537.5,541.974976,504.049988,508.424988,486.87381,12459918,2016-01-18
105,514.5,524.900024,507.049988,521.799988,499.681915,9824192,2016-01-19
106,517.450012,517.450012,495,502.274994,480.984528,20624706,2016-01-20
107,508.774994,512.875,488.350006,492.100006,471.240845,14523544,2016-01-21
108,497.024994,505.5,497.024994,502.075012,480.79303,10826910,2016-01-22
109,505,509.375,500,501.975006,480.697266,5988680,2016-01-25
110,504.049988,505,498.475006,499.674988,478.494751,7886590,2016-01-27
111,500.5,510.899994,498.549988,508.450012,486.897797,10548946,2016-01-28
112,509.475006,520,509,517.700012,495.755707,8767154,2016-01-29
113,519.974976,520.900024,512.775024,515.150024,493.313812,4534546,2016-02-01
114,515.150024,516.400024,495.25,500.575012,479.356567,6752932,2016-02-02
115,494,497,487.5,490.700012,469.900208,7173616,2016-02-03
116,494,500.5,482.850006,486.524994,465.902161,8322158,2016-02-04
117,489.549988,491,480.700012,485.450012,464.872711,9599764,2016-02-05
118,485.549988,492.399994,478.975006,480.524994,460.156433,5521706,2016-02-08
119,476.450012,484.399994,475,478.75,458.456726,8962058,2016-02-09
120,475.850006,486.5,474.325012,481.325012,460.922607,7718500,2016-02-10
121,481.424988,482.975006,457.75,462.274994,442.680023,7824326,2016-02-11
122,466.950012,466.950012,444.049988,453.274994,434.061554,13403870,2016-02-12
123,459,475.674988,459,473.375,453.309509,8815778,2016-02-15
124,475.549988,479,463.5,465.274994,445.552887,5954526,2016-02-16
125,467.549988,478.725006,458.200012,476.299988,456.110535,7059664,2016-02-17
126,481.475006,484.350006,468,470.049988,450.125458,6598322,2016-02-18
127,470,476.375,468.674988,472.174988,452.160431,4679328,2016-02-19
128,472.049988,484.149994,472.049988,481.149994,460.755005,5838396,2016-02-22
129,481.549988,483.600006,471.375,474.825012,454.69812,8681492,2016-02-23
130,472.450012,479.274994,471,476.325012,456.134521,6942622,2016-02-24
131,477.100006,478.274994,470.424988,472.049988,452.04071,11350050,2016-02-25
132,476.5,479.375,472.149994,475.174988,455.033234,3817066,2016-02-26
133,475.649994,497.299988,467.5,483.325012,462.837799,14186948,2016-02-29
134,482.350006,492.524994,482.325012,490.649994,469.852295,7521846,2016-03-01
135,496.450012,502.875,493.625,500.75,479.52417,9191772,2016-03-02
136,505,509,498.75,506.424988,484.958618,7260012,2016-03-03
137,507,507.5,501.75,503.200012,481.870361,4108856,2016-03-04
138,503.75,515.450012,503.75,513.5,491.733734,6045108,2016-03-08
139,510,521.950012,509.299988,520.849976,498.772247,5419662,2016-03-09
140,521.025024,522.950012,504.5,505.875,484.431915,9466248,2016-03-10
141,507.450012,514.775024,505.299988,507.25,485.748657,7003352,2016-03-11
142,509.549988,513.200012,506.475006,509.875,488.26236,5431180,2016-03-14
143,512,513.924988,507.549988,510.25,488.621521,4794664,2016-03-15
144,510.5,512.900024,502.725006,510.875,489.220001,5058148,2016-03-16
145,513.5,518.450012,506,508,496.674988,7695480,2016-03-17
146,509.125,515.075012,507.850006,513.599976,502.150146,6414492,2016-03-18
147,513.974976,520.75,511.375,518.650024,507.087616,5809704,2016-03-21
148,518.5,526.125,517.825012,523.924988,512.244995,7009934,2016-03-22
149,523.450012,523.450012,511.200012,514.599976,503.127899,7683308,2016-03-23
150,515,515.849976,507.825012,510.200012,498.825989,8261106,2016-03-28
151,511.899994,521,510.100006,518.125,506.57431,7255802,2016-03-29
152,521.349976,525.875,521.349976,523.525024,511.853973,6607560,2016-03-30
153,520.5,528,516.349976,522.599976,510.949524,14095970,2016-03-31
154,519.549988,523.150024,512.5,517.224976,505.694366,5660230,2016-04-01
155,520,521.099976,512.650024,517.525024,505.987671,3946520,2016-04-04
156,515.674988,521.200012,511.100006,513.474976,502.027924,4690296,2016-04-05
157,516.049988,518.349976,511.299988,516.875,505.352142,3195950,2016-04-06
158,517.450012,524,511.049988,518.625,507.063141,4018110,2016-04-07
159,517.950012,527.224976,515.599976,518.174988,506.623169,6131402,2016-04-08
160,518.5,522.75,516.5,520.150024,508.554169,4712636,2016-04-11
161,520.150024,528.724976,519.025024,523.700012,512.025024,5104198,2016-04-12
162,526.275024,534.950012,526.275024,533.025024,521.142151,7332282,2016-04-13
163,532.900024,533.400024,527.700012,532.375,520.506653,8716204,2016-04-18
164,534.599976,534.599976,517.900024,518.650024,507.087616,9914994,2016-04-20
165,520.700012,526,517.5,520.575012,508.969666,5202872,2016-04-21
166,519.5,523.75,514.650024,519.474976,507.894165,5351172,2016-04-22
167,522.224976,522.224976,506.149994,508.450012,497.11499,27959172,2016-04-25
168,507.700012,511.950012,503.75,508.475006,497.139404,12082558,2016-04-26
169,508.950012,512.974976,508,509.700012,498.337158,6630120,2016-04-27
170,507,509.600006,495.475006,498.350006,487.240173,28321014,2016-04-28
171,496.725006,499.274994,489.424988,491.350006,480.39621,10734120,2016-04-29
172,489.5,496.200012,489,493.475006,482.473846,4855506,2016-05-02
173,494,497.475006,486.375,487.899994,477.023102,8033248,2016-05-03
174,487.024994,491.850006,486.5,489.049988,478.147461,6192906,2016-05-04
175,490,491.725006,485.450012,487.625,476.754272,9904822,2016-05-05
176,486.5,488.399994,483.5,484.475006,473.674469,6742440,2016-05-06
177,487.5,493,486.399994,491.549988,480.591766,7016176,2016-05-09
178,491.549988,492.350006,489,491.274994,480.322815,3313680,2016-05-10
179,485.899994,490.375,485,487.700012,476.827606,5641398,2016-05-11
180,488,497.100006,487.524994,496.399994,485.333588,5845428,2016-05-12
181,494.475006,495.274994,487.5,489.075012,478.171906,6696706,2016-05-13
182,488.5,491.25,485.549988,487.975006,477.096436,4264144,2016-05-16
183,490.125,491.549988,483.174988,484.575012,473.772278,5558046,2016-05-17
184,482.950012,486.25,482.049988,485.274994,474.456635,3761948,2016-05-18
185,485.850006,485.950012,472.799988,475.600006,464.997314,4176116,2016-05-19
186,476,477.25,465.674988,467.100006,456.686829,8477976,2016-05-20
187,468.674988,470.350006,462.825012,465,454.633606,8396196,2016-05-23
188,464.024994,472,464.024994,470.225006,459.742157,5615474,2016-05-24
189,474.924988,476.399994,470.575012,475.600006,464.997314,4224270,2016-05-25
190,475,476.200012,472.049988,473.424988,462.870789,6487202,2016-05-26
191,474.524994,488.450012,474.375,487.350006,476.485382,6126758,2016-05-27
192,488.200012,490.75,482.5,484.350006,473.552277,4404182,2016-05-30
193,484.5,486.5,478.25,478.924988,468.248169,10666938,2016-05-31
194,478.975006,483.049988,475.899994,476.799988,466.170563,4134068,2016-06-01
195,477.25,478.575012,472.549988,478.125,467.466034,4687704,2016-06-02
196,480,481.450012,477.924988,479.825012,469.128143,3951424,2016-06-03
197,480.5,481.5,476.274994,477.399994,466.757202,3964932,2016-06-06
198,478.625,480.475006,475.799988,477.524994,466.879395,8665254,2016-06-07
199,479,479,474.575012,477.049988,466.414978,5547950,2016-06-08
200,480,488.225006,478.100006,485.575012,474.749939,7151680,2016-06-09
201,487,492.200012,484.149994,488.350006,477.463104,7459474,2016-06-10
202,484.950012,491.725006,481.524994,490.549988,479.614014,4669712,2016-06-13
203,490.475006,492.700012,484.649994,488.125,477.243103,4994016,2016-06-14
204,490,493.25,486.875,492.299988,481.325012,5087842,2016-06-15
205,490.5,491.825012,483.524994,488.149994,477.267517,4284658,2016-06-16
206,488.5,489.325012,485.049988,487.450012,476.58316,4816192,2016-06-17
207,486.075012,496.299988,484,495.100006,484.062622,4918474,2016-06-20
208,497.049988,497.075012,489.850006,493.549988,482.54715,6369730,2016-06-21
209,492.5,492.950012,488.549988,490.25,479.32074,5846568,2016-06-22
210,489.975006,491,485,490.225006,479.296295,4497386,2016-06-23
211,482.450012,482.450012,466.700012,475.725006,465.119568,11422346,2016-06-24
212,470.25,479.200012,470.25,477.825012,467.17276,4189198,2016-06-27
213,478.200012,480.774994,477.5,478.899994,468.223755,3476740,2016-06-28
214,481,484.475006,480,483.450012,472.672333,3439714,2016-06-29
215,486,488.75,483.524994,484.575012,473.772278,5832658,2016-06-30
216,486.375,488.399994,485,486.725006,475.874329,3021958,2016-07-01
217,487.75,496.799988,487.75,493.350006,482.351624,3567500,2016-07-04
218,493.049988,501.450012,490.149994,496.549988,485.480286,5193356,2016-07-05
219,496.25,500.25,493.075012,493.950012,482.938263,5499296,2016-07-07
220,493.5,494.5,488.174988,489.200012,478.294128,3264450,2016-07-08
221,495.5,497.475006,492.75,496.25,485.186981,3779212,2016-07-11
222,497.625,502.5,495.5,501.700012,490.515472,4465370,2016-07-12
223,502.600006,508.350006,502.075012,504.375,493.130859,6818772,2016-07-13
224,504.049988,507.049988,499.125,502.450012,491.248779,4918366,2016-07-14
225,504.5,510.5,501.75,506.100006,494.817352,6397124,2016-07-15
226,514,519.375,500.875,503.125,491.908691,14678172,2016-07-18
227,503,511.475006,497.649994,508.899994,497.554932,7611500,2016-07-19
228,509.975006,514.150024,508.274994,511.5,500.096954,5607290,2016-07-20
229,512,512.5,502.5,503.174988,491.957581,3068088,2016-07-21
230,503,508.899994,502.549988,507.424988,496.112854,3154228,2016-07-22
231,507,511.875,503.674988,511.375,499.974792,3767768,2016-07-25
232,511.5,517.400024,507.600006,512.025024,500.610352,4807744,2016-07-26
233,511.524994,513,504.475006,506.549988,495.257355,5042896,2016-07-27
234,507.475006,515.25,506.524994,513.174988,501.73465,7136750,2016-07-28
235,512,512.450012,506,507.450012,496.137299,4402328,2016-07-29
236,509,510.149994,502.524994,504.75,493.497467,3647388,2016-08-01
237,504,510,503.149994,506.399994,495.110657,3524816,2016-08-02
238,507.200012,507.200012,495.75,496.975006,485.895844,5427608,2016-08-03
239,499.5,500,491.700012,496.5,485.431396,4657432,2016-08-04
240,499,509.5,498.524994,508.125,496.797241,5535828,2016-08-05
241,509.950012,517,509.325012,514.625,503.152344,6197506,2016-08-08
242,513.5,517.25,510.5,515.349976,503.861176,6076092,2016-08-09
243,515.625,517.275024,501,501.825012,490.637695,6158926,2016-08-10
244,500.975006,511.424988,499.799988,507.049988,495.746185,6477798,2016-08-11
245,508.5,521.450012,508.5,517.900024,506.35434,7481722,2016-08-12
246,518.125,522.400024,507.75,512.450012,501.025818,6111206,2016-08-16
247,512.049988,514.400024,503.600006,506.649994,495.355103,7079940,2016-08-17
248,508,511.825012,508,509.024994,497.677185,3542898,2016-08-18
249,509,511,503.549988,507.450012,496.137299,3738616,2016-08-19
250,506,509.850006,503.600006,505.924988,494.646271,3055808,2016-08-22
251,506,507.5,502.5,505.225006,493.961853,3346656,2016-08-23
252,505.850006,510.975006,505.5,510.25,498.874878,3986306,2016-08-24
253,510.600006,514.5,504.5,506.350006,495.061829,6839550,2016-08-25
254,508.950012,515.400024,507.299988,513.950012,502.492371,4406930,2016-08-26
255,513.625,529.875,513.049988,528.724976,516.937988,7402990,2016-08-29
256,531,534.25,526.5,533.200012,521.313293,8307044,2016-08-30
257,532.450012,537,523.5,530,518.184631,10649920,2016-08-31
258,526.5,536.375,512.849976,514.599976,503.127899,19484908,2016-09-01
259,515.549988,516.275024,501.149994,506.674988,495.379578,12857628,2016-09-02
260,509.950012,512.5,507.5,509.950012,498.581543,5262182,2016-09-06
261,511,513.525024,506.524994,508.825012,497.481628,5909990,2016-09-07
262,511.524994,517.974976,510.100006,516.700012,505.181091,5580392,2016-09-08
263,517.5,524.950012,515,522.275024,510.631836,6980882,2016-09-09
264,515.200012,528,514.575012,523.25,511.584991,15399600,2016-09-12
265,524,529.5,520.450012,522.375,510.729553,8505508,2016-09-14
266,523.5,535.099976,523.5,532.5,520.628845,14341770,2016-09-15
267,533.5,546.924988,529.549988,537.775024,525.786194,17977852,2016-09-16
268,536.275024,544,535.5,541.200012,529.134827,7624648,2016-09-19
269,542,542.375,534.525024,537.099976,525.126282,5271708,2016-09-20
270,537,542.450012,534.5,536.125,524.173035,5002952,2016-09-21
271,541.5,547.900024,539.5,544.474976,532.336914,8577088,2016-09-22
272,544.5,554.724976,544.5,551.400024,539.107544,14211450,2016-09-23
273,551.700012,564.775024,550.125,553.599976,541.258423,17469886,2016-09-26
274,558.5,562.974976,553.299988,555.25,542.871643,8857386,2016-09-27
275,553.950012,554,543.150024,545.325012,533.167969,11346976,2016-09-28
276,547.5,555.375,533.700012,536.224976,524.270752,9719492,2016-09-29
277,534,547.275024,533.150024,541.849976,529.770386,5120210,2016-09-30
278,543.5,553.974976,538.125,545.349976,533.192383,8286218,2016-10-03
279,546.525024,554.150024,546,548.174988,535.954346,5995088,2016-10-04
280,552,553.25,542.900024,544.700012,532.556885,4932794,2016-10-05
281,546,563.125,546,555.400024,543.018372,9651260,2016-10-06
282,557,561.525024,553.25,554.5,542.138428,6985676,2016-10-07
283,557,561,547,548.174988,535.954346,5281946,2016-10-10
284,544.5,544.525024,526,528.575012,516.791321,10029334,2016-10-13
285,531.5,541,530.825012,538.825012,526.812805,6978946,2016-10-14
286,540,540.400024,529.375,530.325012,518.502319,4492474,2016-10-17
287,533,541.375,531.025024,540.549988,528.49939,5062266,2016-10-18
288,542.224976,547.349976,540.700012,543.674988,531.554749,7805312,2016-10-19
289,546.974976,549,542.025024,543.775024,531.652527,4629042,2016-10-20
290,548.5,548.5,529.200012,532.099976,520.237671,19936484,2016-10-21
291,535,537,530.325012,531.650024,519.797791,4806198,2016-10-24
292,532.5,532.625,527.099976,530.424988,518.600098,3501422,2016-10-25
293,528.025024,529.724976,526.049988,527.025024,515.27594,5004110,2016-10-26
294,525.549988,526.950012,521.700012,524.349976,512.660522,5871148,2016-10-27
295,525,529,521.900024,527.474976,515.715881,3715834,2016-10-28
296,525.650024,527.974976,523.700012,525.5,513.784851,4674022,2016-11-01
297,520.5,521.424988,510.5,511.875,500.463623,3218450,2016-11-02
298,511.924988,517.375,510.299988,511.975006,500.561371,3342742,2016-11-03
299,510.125,513.450012,500,502.774994,491.566498,5273822,2016-11-04
300,507,508.274994,499.524994,500.575012,489.415527,4345842,2016-11-07
301,502.850006,502.850006,499.149994,501.75,490.564331,6140692,2016-11-08
302,475,504.5,465,502.299988,491.102081,9893146,2016-11-09
303,509.299988,514.474976,503.5,505.200012,493.937439,4463814,2016-11-10
304,498.924988,508.75,497.549988,500.875,489.708862,6754784,2016-11-11
305,498.25,500,489.774994,492.700012,481.716156,6623184,2016-11-15
306,497.5,498.399994,490.350006,493.274994,482.27829,7566452,2016-11-16
307,493,499.075012,487.200012,488.875,477.976379,5773270,2016-11-17
308,492.5,496.350006,491,493.75,482.742706,8303856,2016-11-18
309,493.774994,496.774994,491.600006,495.75,484.69812,6049424,2016-11-21
310,498.850006,503.899994,496.649994,500.725006,489.562225,8067320,2016-11-22
311,502.5,505.25,499.774994,504.5,493.253021,5992496,2016-11-23
312,502.774994,502.774994,491.100006,493.674988,482.669342,8646750,2016-11-24
313,495,497.950012,492.174988,496.850006,485.77359,4779658,2016-11-25
314,496.5,500.299988,492.049988,493.325012,482.327179,3800322,2016-11-28
315,494.5,502.149994,494.024994,498.850006,487.729004,4519218,2016-11-29
316,499.975006,499.975006,493.325012,495.024994,483.989288,12616008,2016-11-30
317,500,507.5,497.5,498.875,487.753448,5773026,2016-12-01
318,497.950012,502.5,495.899994,497.375,486.286896,5706090,2016-12-02
319,497.5,499.850006,493.25,496.924988,485.846893,1822820,2016-12-05
320,498,503.274994,497.299988,502.600006,491.395386,3075070,2016-12-06
321,502,503.799988,498.174988,499.575012,488.437866,2254226,2016-12-07
322,502.524994,510.899994,502.174988,510.024994,498.654877,4000460,2016-12-08
323,511,515.924988,510.149994,514.474976,503.005615,3766666,2016-12-09
324,510.25,520.849976,510.25,513.599976,502.150146,4125400,2016-12-12
325,514,520.5,513.775024,519.900024,508.309723,4738906,2016-12-13
326,519.900024,532.224976,519.099976,529.75,517.940125,11035658,2016-12-14
327,526.200012,533.799988,524.325012,526.474976,514.738159,8837934,2016-12-15
328,526,531,526,528.575012,516.791321,6831074,2016-12-16
329,527.5,533.474976,527.174988,531.275024,519.431213,6861900,2016-12-19
330,527.349976,530.5,526.575012,528.950012,517.157959,5343438,2016-12-20
331,530.049988,533.650024,528.599976,531.625,519.773315,9311516,2016-12-21
332,529,531.325012,525.474976,526.674988,514.933716,13208832,2016-12-22
333,526,534.474976,526,528.650024,516.864685,4692828,2016-12-23
334,527.174988,533,522.325012,523.724976,512.049377,7004598,2016-12-26
335,523.924988,533.549988,523.5,532.349976,520.482178,7974284,2016-12-27
336,533.950012,534.775024,523.549988,524.849976,513.149353,4405854,2016-12-28
337,525,534.400024,524.75,532.724976,520.848816,4010412,2016-12-29
338,532.400024,542.5,531.549988,541.200012,529.134827,7182986,2016-12-30
339,542,545,536.174988,542.549988,530.454773,3244916,2017-01-02
340,544.924988,548.5,540.549988,544.700012,532.556885,2941502,2017-01-03
341,546.450012,546.5,532.150024,533.575012,521.679932,4751094,2017-01-04
342,535.5,539.950012,534.375,538.700012,526.690674,3992966,2017-01-05
343,537.099976,542.5,536.549988,537.474976,525.49292,3586854,2017-01-06
344,538.5,543,535.5,538.849976,526.837219,2390514,2017-01-09
345,540,547.200012,540,544.924988,532.776794,5188800,2017-01-10
346,547.5,547.849976,542,543.025024,530.919189,5246422,2017-01-11
347,543.5,545.174988,539.900024,541.650024,529.57489,1998728,2017-01-12
348,542.275024,548.75,542.275024,545.200012,533.045715,3307338,2017-01-13
349,544.974976,546.974976,536.974976,538.125,526.128418,5492010,2017-01-16
350,532.5,534,519.25,520.625,509.018524,17936580,2017-01-17
351,521.299988,524,514.375,516.275024,504.765564,7254142,2017-01-18
352,517.575012,522.650024,515.5,516.849976,505.327698,6987456,2017-01-19
353,516.974976,518.724976,511.950012,512.900024,501.46582,4016164,2017-01-20
354,510.899994,515.5,506.399994,507.950012,496.626129,6267066,2017-01-23
355,508.5,514.400024,508.5,513.650024,502.199097,4306182,2017-01-24
356,516,516.349976,508.075012,508.649994,497.310516,10906460,2017-01-25
357,510.125,514.450012,509.5,512.549988,501.123596,9994478,2017-01-27
358,512.474976,523.224976,512.400024,522.400024,510.754059,7167512,2017-01-30
359,523.424988,526.900024,520.150024,522.599976,510.949524,6914730,2017-01-31
360,523.049988,525.450012,517.599976,524.825012,513.124939,5171596,2017-02-01
361,525,525.400024,519.125,521.75,510.118469,4159816,2017-02-02
362,523,525.224976,515.049988,516.825012,505.303284,6043502,2017-02-03
363,518.5,522.450012,516.025024,520.825012,509.214142,4567964,2017-02-06
364,521,521.174988,513.599976,515.450012,503.958954,4528490,2017-02-07
365,515.450012,519.125,511,512.575012,501.148041,7420188,2017-02-08
366,514,517,513.400024,516.375,504.863312,4508432,2017-02-09
367,517.5,517.775024,512.775024,515.075012,503.592346,5723062,2017-02-10
368,516.5,517,511,514.924988,503.445648,3915976,2017-02-13
369,517.5,526.450012,514.950012,524.900024,513.198303,8340828,2017-02-14
370,526.450012,528.75,522.625,525.650024,513.93158,6965690,2017-02-15
371,526.275024,534.724976,526.275024,533.75,521.850952,8985694,2017-02-16
372,533.25,539.099976,529.224976,537.75,525.76178,6787712,2017-02-17
373,535.275024,539.424988,533.25,537.700012,525.712891,5326254,2017-02-20
374,537.599976,545.474976,536.525024,544.099976,531.970215,6485580,2017-02-21
375,546.5,605.825012,546,603.75,590.290466,58207852,2017-02-22
376,606.799988,611,589.674988,591.375,578.191284,28458468,2017-02-23
377,595.25,628.400024,595.174988,619.450012,605.640442,38137822,2017-02-27
378,616,624,614.25,619.025024,605.224976,16509062,2017-02-28
379,620.049988,622.200012,615,617.25,603.489441,11148306,2017-03-01
380,618.950012,627.349976,613.525024,618.375,604.589355,8258066,2017-03-02
381,620.775024,643.900024,620.775024,629.275024,615.246399,38541702,2017-03-03
382,634.5,656,632.625,652.674988,638.124695,30504308,2017-03-06
383,659.424988,663.5,648.075012,652.474976,637.929199,19233700,2017-03-07
384,653.849976,653.849976,643.049988,645.599976,631.207458,19812206,2017-03-08
385,645,649,640.75,643.375,629.032043,14215340,2017-03-09
386,645.125,648,630.599976,640.825012,626.53894,11331136,2017-03-10
387,659.375,659.5,642.625,644.75,630.376465,12693240,2017-03-14
388,645.525024,658.150024,645.200012,652.474976,637.929199,11021316,2017-03-15
389,655,655.200012,646.799988,648.825012,634.360596,7279928,2017-03-16
390,654,659.974976,649.025024,650.349976,635.851624,10390152,2017-03-17
391,653,653.125,639.174988,640.400024,626.123352,5883428,2017-03-20
392,641.099976,641.950012,629.650024,631.900024,617.812927,10330214,2017-03-21
393,626,632.950012,623.275024,629.849976,615.808533,9276676,2017-03-22
394,631.575012,638.775024,629,636.650024,622.45697,5398180,2017-03-23
395,637.049988,646,634.224976,643.375,629.032043,7443822,2017-03-24
396,635.549988,639.375,623.599976,625.549988,611.604431,14836244,2017-03-27
397,629,632,621.049988,622.875,608.989136,9923868,2017-03-28
398,625.849976,630,616.674988,628.325012,614.317627,8651574,2017-03-29
399,627.5,637.375,626.5,635.325012,621.16156,12737718,2017-03-30
400,633,668.825012,633,660.450012,645.72644,20751038,2017-03-31
401,671,690.25,668.525024,687.325012,672.002258,20520654,2017-04-03
402,697.599976,709,690.049988,707.5,691.727478,18434720,2017-04-05
403,704.5,724.450012,701.099976,719.25,703.215576,23142150,2017-04-06
404,710.650024,717,701.275024,703.299988,687.621033,14572302,2017-04-07
405,705,712.450012,688.650024,690.674988,675.277588,14066282,2017-04-10
406,693.924988,700.224976,685.049988,686.174988,670.877869,14743454,2017-04-11
407,691.400024,693.224976,675.575012,677,661.907471,12548430,2017-04-12
408,677,686.700012,673.674988,682.400024,667.187012,5812376,2017-04-13
409,682.5,697.775024,682.5,695.924988,680.410461,5411708,2017-04-17
410,699.974976,705,683.5,685.099976,669.826904,7322166,2017-04-18
411,684.5,691.275024,678.775024,684.400024,669.142517,5290584,2017-04-19
412,689.5,693.400024,682.049988,684.775024,669.509155,3837224,2017-04-20
413,690.25,710.5,689.275024,701.25,685.616882,13820554,2017-04-21
414,704.525024,717.5,700.099976,708.700012,692.900757,11663462,2017-04-24
415,730,733.875,713.049988,716.400024,700.429077,16807408,2017-04-25
416,717.5,720.025024,701.299988,708.224976,692.43634,7663550,2017-04-26
417,708.5,712.075012,701.099976,704.75,689.038818,5747310,2017-04-27
418,704.875,710.150024,695.5,697.599976,682.048157,5416808,2017-04-28
419,701,701,683.150024,685.275024,669.997986,8499368,2017-05-02
420,688.450012,690.375,682.5,685.049988,669.778015,4343098,2017-05-03
421,687.5,689.799988,677.025024,678.974976,663.83844,6567622,2017-05-04
422,680.799988,683.674988,662.5,664.125,649.319458,7131086,2017-05-05
423,665,669.75,659.174988,660.700012,645.970886,7345170,2017-05-08
424,662,666.825012,660.125,665.174988,650.346069,9649022,2017-05-09
425,667.400024,681.799988,665.325012,679.549988,664.400574,10471864,2017-05-10
426,682.049988,684.875,675.825012,679.775024,664.620544,6301512,2017-05-11
427,680.025024,682,672.025024,675.224976,660.171997,3439458,2017-05-12
428,678.200012,678.200012,666.75,672.049988,657.06781,3080426,2017-05-15
429,673.025024,688.450012,670.5,678.150024,663.03186,5785894,2017-05-16
430,676.5,682.974976,673.875,676.549988,661.467468,4500608,2017-05-17
431,670.125,675,662.049988,663.674988,648.879517,4475832,2017-05-18
432,666.5,667.849976,655,659.424988,644.724243,5857766,2017-05-19
433,663.25,666.799988,657.599976,662.075012,647.315186,4023718,2017-05-22
434,662.849976,664.924988,651,652.775024,638.222473,4216446,2017-05-23
435,653.75,656.849976,647.549988,648.849976,634.384949,6549608,2017-05-24
436,650,656.200012,648.224976,651.224976,636.707031,11850670,2017-05-25
437,651.974976,672.200012,650,668.650024,653.743652,9797278,2017-05-26
438,668.5,682.724976,667.799988,678.450012,663.325073,10982340,2017-05-29
439,677.950012,682.349976,674.25,679.674988,664.522766,4415454,2017-05-30
440,683.5,683.974976,667.900024,670.349976,655.405762,7508198,2017-05-31
441,666.349976,670,661.5,664.125,649.319458,4358656,2017-06-01
442,667.5,669.349976,658.5,662.375,647.608521,5255130,2017-06-02
443,663.125,670.5,657.924988,664.674988,649.857239,4953412,2017-06-05
444,666.974976,666.974976,655.5,656.400024,641.766785,4384712,2017-06-06
445,655.599976,671,654.5,669.5,654.574707,5119908,2017-06-07
446,670,672.400024,664.025024,665.849976,651.005981,3613042,2017-06-08
447,672.549988,676.474976,665.5,667.849976,652.961426,6325604,2017-06-09
448,663.275024,664.875,658.5,659.724976,645.017517,3855026,2017-06-12
449,660.299988,663.5,655.5,657.174988,642.524414,2754582,2017-06-13
450,657.950012,680,657.950012,678.75,663.618469,24202054,2017-06-14
451,680,697.5,679.549988,691.974976,676.548584,12933608,2017-06-15
452,694.549988,697.900024,684.650024,694.400024,678.919556,14954314,2017-06-16
453,695.099976,707.900024,695.099976,704.625,688.916565,6965824,2017-06-19
454,704.5,711.049988,703.724976,706.174988,690.432007,4636798,2017-06-20
455,703.900024,714,702.125,711,695.149475,9139886,2017-06-21
456,714.724976,722.700012,713.849976,716.325012,700.355774,10111884,2017-06-22
457,718,721,715.299988,717.924988,701.920105,14237664,2017-06-23
458,716,721.5,712.5,718.575012,702.555603,14899756,2017-06-27
459,719.974976,719.974976,697.775024,699.25,683.661499,7117076,2017-06-28
460,700,705,695.049988,696.349976,680.825989,5896644,2017-06-29
461,696,696.200012,687.525024,690,674.617676,3572422,2017-06-30
462,694.099976,697.349976,685.5,690.525024,675.13092,4203772,2017-07-03
463,695,713.549988,694.5,710.974976,695.125,8602400,2017-07-04
464,714.724976,723.724976,712,721.325012,705.244385,12439044,2017-07-05
465,724.349976,725,719,721.275024,705.195435,6213034,2017-07-06
466,721.5,748.875,720,745.575012,728.953674,16387270,2017-07-07
467,747.549988,750.450012,744.549988,746.424988,729.784729,1602158,2017-07-10
468,750.5,752.200012,743.5,747.174988,730.518005,9598458,2017-07-11
469,749.700012,762.5,748.75,755.549988,738.706299,7819594,2017-07-12
470,754.375,762.5,753.075012,761.049988,749.488342,10519518,2017-07-13
471,760,768,757.775024,766.875,755.224792,9386022,2017-07-14
472,768.5,779.799988,768.5,775.875,764.088074,8571618,2017-07-17
473,773.400024,775.900024,755.5,759.950012,748.405029,8978824,2017-07-18
474,756.299988,769,756.299988,766.474976,754.830872,5390082,2017-07-19
475,769.875,775,761.849976,764.450012,752.83667,6229372,2017-07-20
476,775,795.849976,772.474976,792.5,780.460571,44410224,2017-07-21
477,800,812.450012,792.5,807.625,795.355774,19854458,2017-07-24
478,812.349976,812.474976,798.799988,801.075012,788.905334,9172158,2017-07-25
479,802.099976,814.950012,800.549988,811.375,799.048828,10036778,2017-07-26
480,814,815.75,794.174988,797.400024,785.286133,8416142,2017-07-27
481,795.625,802.974976,789,797.224976,785.11377,6552046,2017-07-28
482,800.974976,809.400024,798,807.599976,795.331116,7574068,2017-07-31
483,811.375,811.375,795.75,801.799988,789.619202,5628596,2017-08-01
484,805,817.849976,804.049988,814.599976,802.224854,9502770,2017-08-02
485,813.424988,832.450012,808.525024,825.049988,812.516052,9009552,2017-08-03
486,831.5,831.5,807.549988,811.075012,798.753357,8494090,2017-08-04
487,815.799988,815.799988,806.275024,808.174988,795.897461,4360036,2017-08-07
488,809,810.525024,793.400024,801.275024,789.102295,5011136,2017-08-08
489,800.75,810,792.5,799.400024,787.255798,4771286,2017-08-09
490,796.525024,803.325012,788.974976,792.174988,780.140503,4657686,2017-08-10
491,775.474976,790,766.5,773.125,761.379883,7770128,2017-08-11
492,780.5,792.25,780.5,786.525024,774.576416,6144598,2017-08-14
493,786,788,775.099976,783.049988,771.154114,6206788,2017-08-16
494,784.5,798.825012,780.575012,783.549988,771.646545,7236358,2017-08-17
495,782,788.900024,776.575012,787.700012,775.733521,3628022,2017-08-18
496,788.5,792.075012,780.125,782.200012,770.317078,3462376,2017-08-21
497,786,789.950012,778.025024,780.025024,768.175049,4358460,2017-08-22
498,782.424988,793.275024,776.575012,791.025024,779.007996,3803648,2017-08-23
499,795,796.549988,782.25,784.025024,772.114319,5785142,2017-08-24
500,789.525024,790.974976,780.599976,783.275024,771.375732,5630656,2017-08-28
501,780.924988,783.75,765,766.075012,754.437012,6932842,2017-08-29
502,773.775024,784.400024,770.625,782.049988,770.169312,4724774,2017-08-30
503,787.5,798.724976,787,797.25,785.138428,11476990,2017-08-31
504,799.924988,808.299988,799.5,805.049988,792.819885,7054954,2017-09-01
505,807.75,818.075012,797.924988,806.674988,794.420227,9856750,2017-09-04
506,815,817.424988,810.525024,816.299988,803.898987,11528262,2017-09-05
507,813.200012,826.25,811.400024,822.700012,810.201721,22285024,2017-09-06
508,823,832.5,815,818.099976,805.671631,7408536,2017-09-07
509,820,823.25,812.099976,816.900024,804.489929,6056729,2017-09-08
510,821.299988,826.849976,816.549988,817.900024,805.474731,5801712,2017-09-11
511,822.75,825,817,823.75,811.23584,2971669,2017-09-12
512,824,859.900024,822,849,836.102234,13430225,2017-09-13
513,855.799988,861.5,842,843.849976,831.030457,5425486,2017-09-14
514,842,852.849976,834.75,841.799988,829.011597,13072853,2017-09-15
515,850,851.049988,843.099976,845.549988,832.70459,2314174,2017-09-18
516,848.700012,848.75,837,838.599976,825.860168,3528729,2017-09-19
517,856.099976,872.5,845.099976,847.150024,834.280334,11402965,2017-09-20
518,847,851.700012,836.25,841.349976,828.568359,5920552,2017-09-21
519,839.900024,839.900024,813.200012,817.400024,804.9823,5620443,2017-09-22
520,815,827.950012,805.200012,821.549988,809.069275,6505309,2017-09-25
521,821.700012,827.049988,812.200012,820.099976,807.641235,4829571,2017-09-26
522,825.599976,825.700012,795.5,799.150024,787.009521,8434196,2017-09-27
523,799.650024,802.900024,780.200012,786.450012,774.502441,13508179,2017-09-28
524,791.75,793.400024,779.099976,780.900024,769.036804,7619230,2017-09-29
525,795,803.849976,785.349976,798.349976,786.22168,8387059,2017-10-03
526,799.200012,824.950012,795.599976,818.849976,806.410217,8643924,2017-10-04
527,825,828.450012,818.650024,824.150024,811.629761,4860479,2017-10-05
528,824,839.349976,822.599976,837.049988,824.33374,5942106,2017-10-06
529,839,839.799988,828,830.650024,818.031006,4046109,2017-10-09
530,831,847.299988,831,843.200012,830.390381,6734986,2017-10-10
531,845.299988,858.400024,836,840.150024,827.386658,7049800,2017-10-11
532,842.099976,876.799988,842.099976,872.75,859.491394,8522926,2017-10-12
533,879.299988,890.700012,873.349976,876.450012,863.135193,9833512,2017-10-13
534,879,892,861.299988,876.799988,863.479919,14633539,2017-10-16
535,878,884,867.200012,874.349976,861.067078,6354084,2017-10-17
536,877.400024,917.900024,875,914.5,900.607117,16765178,2017-10-18
537,915.799988,921.900024,903,909.900024,896.077087,3664082,2017-10-19
538,912.900024,944.700012,909.099976,939.75,925.473633,12551649,2017-10-23
539,947.700012,947.700012,928.200012,934.25,920.05719,6335308,2017-10-24
540,940.099976,945.900024,929.5,939.900024,925.621338,4577050,2017-10-25
541,940,957.799988,931,947.400024,933.007446,7698704,2017-10-26
542,950,956.700012,925.700012,929.849976,915.723877,5256749,2017-10-27
543,934,945.549988,930.599976,942.5,928.181763,3576533,2017-10-30
544,944.950012,945.75,932.200012,940.849976,926.556824,4345360,2017-10-31
545,947.75,957.799988,945.75,952.549988,938.079102,8033040,2017-11-01
546,952.799988,956.5,944.25,946.599976,932.219482,4698609,2017-11-02
547,955.950012,955.950012,940.150024,945.299988,930.93927,2193730,2017-11-03
548,942.5,942.5,929,932.5,918.33374,4460799,2017-11-06
549,933.349976,935,903.049988,906.700012,892.925659,9347943,2017-11-07
550,902.5,906,884.099976,887.799988,874.312805,8115980,2017-11-08
551,894.75,909.900024,892.049988,900.5,886.819824,6860798,2017-11-09
552,900.950012,900.950012,879.200012,883.849976,870.422791,6365174,2017-11-10
553,885,891.900024,873.5,875.25,861.953491,4155011,2017-11-13
554,875,895,873,886.700012,873.229492,5706105,2017-11-14
555,884.5,890.599976,877.950012,883.700012,870.275085,6981872,2017-11-15
556,885.5,906,885.5,903.849976,890.118958,6931038,2017-11-16
557,918.950012,924.900024,908.5,911.900024,898.046692,5586242,2017-11-17
558,906.200012,924.349976,905,920.849976,906.860657,4220192,2017-11-20
559,926.799988,939.650024,925.5,932.549988,918.382935,5980763,2017-11-21
560,937.450012,938.650024,923.450012,930.75,916.610291,5055490,2017-11-22
561,931,949.900024,926.650024,947,932.613403,7329126,2017-11-23
562,950,959.5,947.400024,951.099976,936.651123,6394443,2017-11-24
563,947.25,957.5,944,951.349976,936.897339,4680074,2017-11-27
564,949.849976,951.349976,938.099976,943.349976,929.01886,4641893,2017-11-28
565,941.849976,950,941,946,931.628662,3674864,2017-11-29
566,941.450012,941.450012,919.5,921.549988,907.550049,9434893,2017-11-30
567,924.450012,931.25,907.700012,910.099976,896.273987,5081389,2017-12-01
568,913.5,913.799988,897.349976,901.599976,887.903137,4618847,2017-12-04
569,901.049988,920.75,895.450012,913.700012,899.819336,8369174,2017-12-05
570,910,930.299988,908.799988,926.650024,912.572571,11007689,2017-12-06
571,930.049988,936,923,931.549988,917.398132,5529565,2017-12-07
572,933.849976,936.950012,919.049988,921,907.008484,5588486,2017-12-08
573,922.450012,926,913.549988,916.150024,902.232117,4933853,2017-12-11
574,915.950012,929,908,915.599976,901.69043,7215014,2017-12-12
575,916.900024,924.950012,910.700012,914.650024,900.754883,4182097,2017-12-13
576,919,924.900024,908.75,921.5,907.500793,5021130,2017-12-14
577,931,932.950012,917.700012,919.75,905.777405,11158706,2017-12-15
578,911.950012,932.650024,862.650024,921,907.008484,8494801,2017-12-18
579,923.599976,927,920,925.950012,911.88324,4064982,2017-12-19
580,925.900024,927.400024,917,918.150024,904.20166,4774414,2017-12-20
581,918.450012,923.950012,910,912.950012,899.080688,4147162,2017-12-21
582,914.650024,922.400024,909.299988,920.400024,906.417603,4872675,2017-12-22
583,924.849976,938.900024,918.150024,929.799988,915.674683,5301456,2017-12-26
584,933,937.5,919,923.75,909.716675,4352384,2017-12-27
585,925.25,934.400024,919.099976,924.200012,910.159851,7091515,2017-12-28
586,926.5,932.299988,918.5,921.049988,907.057678,5069838,2017-12-29
587,922.700012,922.700012,907.5,909.75,895.92926,4321686,2018-01-01
588,913,919.549988,906.400024,911.150024,897.308044,4342815,2018-01-02
589,925,926,913.049988,914.799988,900.902649,6175312,2018-01-03
590,918.150024,921.799988,915.700012,920.299988,906.319092,4118581,2018-01-04
591,921.799988,926.900024,920.25,923.25,909.224243,3401905,2018-01-05
592,926.099976,931,923.5,928.549988,914.443665,4035417,2018-01-08
593,928.150024,943.900024,924,940.950012,926.655334,6534997,2018-01-09
594,943,947.400024,935.5,942.349976,928.033997,5361502,2018-01-10
595,941.799988,942.650024,935,937.75,923.503967,3588377,2018-01-11
596,943,952.799988,938.25,949,934.583069,6890028,2018-01-12
597,950,958.5,945.200012,949.150024,934.730774,5084113,2018-01-15
598,947.700012,947.700012,920,922.950012,908.928772,4948895,2018-01-16
599,926,929,907,924.5,910.455261,6036432,2018-01-17
600,929,929.599976,915.099976,919.700012,905.728149,4289053,2018-01-18
601,923,934.400024,922.099976,931.299988,917.151855,4559564,2018-01-19
602,948,974.299988,940,971.5,956.741272,20892838,2018-01-22
603,975,990.950012,975,983.25,968.312744,10298500,2018-01-23
604,981.75,981.75,962.650024,966.349976,951.669434,6532672,2018-01-24
605,967.900024,972,956.150024,965.900024,951.226318,6249419,2018-01-25
606,966.200012,977.299988,959.299988,964.5,949.847595,4524605,2018-01-29
607,965.799988,965.799988,949,950.400024,935.961853,4198139,2018-01-30
608,950,964.5,941.549988,961.299988,946.696228,5738209,2018-01-31
609,963.25,972.599976,936.599976,943.849976,929.51123,7554587,2018-02-01
610,935,943.950012,901,904.349976,890.611328,13242095,2018-02-02
611,894,912.5,881.799988,902.150024,888.444763,8773525,2018-02-05
612,877,898,871,892.099976,878.547424,11000567,2018-02-06
613,902.549988,905.400024,890,894.400024,880.8125,7100838,2018-02-07
614,897.900024,910.650024,892.349976,904.549988,890.808289,6320734,2018-02-08
615,889,902,886,897.849976,884.210083,5294279,2018-02-09
616,903,918.200012,902.049988,915.5,901.59198,5429792,2018-02-12
617,923,942.5,921,933.650024,919.466248,10170959,2018-02-14
618,937.650024,945.75,928.150024,935.650024,921.435913,6109454,2018-02-15
619,939.599976,942.599976,918.099976,921.299988,907.303833,4401672,2018-02-16
620,921,932,913.549988,927,912.917236,4087936,2018-02-19
621,929,929.549988,918.799988,921.099976,907.106934,3866919,2018-02-20
622,930,932.5,922.150024,929.349976,915.231567,5448230,2018-02-21
623,922,931,920,924.349976,910.307434,5118850,2018-02-22
624,925.400024,938,922.75,934.25,920.05719,4850839,2018-02-23
625,939,944.900024,936.599976,938.700012,924.439514,3856478,2018-02-26
626,939,955.799988,938.349976,950.5,936.060303,6410097,2018-02-27
627,945.950012,957.099976,943.200012,954.549988,940.048767,25898694,2018-02-28
628,949.75,959.900024,945.950012,948.400024,933.992188,4094652,2018-03-01
629,943,950.150024,921.599976,924.099976,910.06134,5634893,2018-03-05
630,929,936.200012,905.099976,910.849976,897.012573,7323680,2018-03-06
631,909.25,909.25,888.049988,889.75,876.233154,7247708,2018-03-07
632,897.650024,914.5,893.299988,911.450012,897.603516,6072983,2018-03-08
633,914.900024,919.349976,911.049988,913.099976,899.228394,4863577,2018-03-09
634,920,933.099976,917.549988,930.299988,916.167114,3801407,2018-03-12
635,931.900024,936,921.349976,931.849976,917.693542,5096825,2018-03-13
636,928.799988,932.049988,919.200012,929.049988,914.936096,6731530,2018-03-14
637,925,929.450012,910,911.799988,897.948181,5811424,2018-03-15
638,909,909.700012,886.049988,900.049988,886.376648,14087564,2018-03-16
639,901,906.900024,892,895.5,881.895813,5774392,2018-03-19
640,893.299988,904,887.049988,889.799988,876.28241,6945721,2018-03-20
641,894.849976,902.349976,893.299988,896.900024,883.274597,6727261,2018-03-21
642,896,911.950012,895.75,908.150024,894.353638,10116965,2018-03-22
643,890.599976,900,889.099976,893.900024,880.32019,10729694,2018-03-23
644,893.950012,904.299988,892.5,901.099976,887.410706,6047262,2018-03-26
645,907.200012,910.75,897,899.799988,886.130432,6939577,2018-03-27
646,895.799988,895.849976,880,882.700012,869.290222,8759586,2018-03-28
647,893,900.950012,886.5,892.950012,879.384521,5712065,2018-04-02
648,891,901.700012,885.25,899.549988,885.884277,6364728,2018-04-03
649,904.700012,911.799988,892.049988,894.900024,881.304932,6498407,2018-04-04
650,905.099976,910,903.5,908.200012,894.402832,3898676,2018-04-05
651,908,918.5,905,911,897.160339,4418462,2018-04-06
652,912.549988,919,912.549988,916,902.084351,3572251,2018-04-09
653,918.400024,923.900024,914.150024,917.049988,903.118408,3865402,2018-04-10
654,921.799988,932.75,916.049988,930.849976,916.70874,6007539,2018-04-11
655,929.849976,936.650024,924.200012,928.700012,914.591492,4947725,2018-04-12
656,932.700012,941.700012,928.700012,938.849976,924.587219,5767984,2018-04-13
657,934.450012,940,928.5,937.049988,922.814575,4084450,2018-04-16
658,940,947.200012,936,944.25,929.905212,4388713,2018-04-17
659,945.25,948.200012,935.049988,938,923.750183,3365196,2018-04-18
660,939.099976,945,935,942.299988,927.984802,4481413,2018-04-19
661,938,941.849976,921.200012,927.900024,913.803589,3349519,2018-04-20
662,930,944.349976,928.5,936,921.780518,3508515,2018-04-23
663,935.799988,975.700012,935,970.049988,955.313293,9107264,2018-04-24
664,973.650024,981.799988,963.549988,970.5,955.75647,6436620,2018-04-25
665,973,988,962.25,975.349976,960.532776,15588001,2018-04-26
666,989.799988,1011,985.5,996.299988,981.16449,11666267,2018-04-27
667,982,992.599976,960,963.299988,948.665771,8871802,2018-04-30
668,967,979.200012,965.049988,972.700012,957.923035,6117761,2018-05-02
669,977.900024,977.900024,959.25,961.599976,946.991577,3947546,2018-05-03
670,962.849976,964.700012,950,953.950012,939.457825,3795692,2018-05-04
671,958.849976,973.25,956.349976,971,956.248779,3512532,2018-05-07
672,977.5,982,965.200012,967.099976,952.40802,4934036,2018-05-08
673,965.900024,984.299988,962.25,976.700012,961.862244,4494423,2018-05-09
674,980,984.599976,974.25,981.150024,966.244629,4014645,2018-05-10
675,981.25,991.299988,977.75,989.25,974.221619,4011516,2018-05-11
676,991.950012,991.950012,976.700012,986.599976,971.611816,2579561,2018-05-14
677,983.049988,1000,976.650024,978.950012,964.078064,4800923,2018-05-15
678,974,974,952.450012,956.150024,941.62439,8613363,2018-05-16
679,959.349976,960,941.5,945.349976,930.988464,4733477,2018-05-17
680,945.599976,953.5,932,933.849976,919.663147,5230037,2018-05-18
681,930.75,935.700012,922.099976,931.349976,917.201111,6624893,2018-05-21
682,933.150024,934,925,926.75,912.671082,5170585,2018-05-22
683,926,926,909.150024,912.25,898.391357,4567562,2018-05-23
684,914,921,910.150024,915.849976,901.936584,5317983,2018-05-24
685,916,923.400024,914.450012,920.799988,906.811401,8129520,2018-05-25
686,924.900024,927,918.099976,920.400024,906.417603,5197835,2018-05-28
687,921.5,928,914.400024,917.450012,903.512329,8173396,2018-05-29
688,914.849976,923.200012,906.599976,916.099976,902.182861,5991222,2018-05-30
689,921,922.299988,914.549988,921.349976,907.353027,16951801,2018-05-31
690,920,935.75,918.450012,930.549988,916.413269,8765835,2018-06-01
691,933.400024,944,930.549988,940.849976,926.556824,5600357,2018-06-04
692,942.799988,955,941,947.650024,933.25354,7971524,2018-06-05
693,947,956,942.650024,954.400024,939.901062,4189483,2018-06-06
694,954.900024,976,954.450012,971.349976,956.593506,6857300,2018-06-07
695,966.349976,986.549988,960.599976,984.349976,969.395996,6532599,2018-06-08
696,987.099976,999.950012,979.049988,982.650024,967.721863,6866053,2018-06-11
697,983.400024,1000,980.299988,997.150024,982.001587,7445221,2018-06-12
698,1000,1005.900024,989.5,1002.5,987.270325,5926020,2018-06-13
699,997.450012,1011.799988,987.400024,1007.950012,992.637573,5484867,2018-06-14
700,1006,1023.5,999.25,1014.200012,998.792603,11294702,2018-06-15
701,1008.799988,1020.450012,1007,1015.549988,1000.12207,5652374,2018-06-18
702,1013.900024,1014.799988,993.650024,996.049988,980.918213,6346101,2018-06-19
703,996,1022.900024,994.849976,1019.25,1003.765808,7193824,2018-06-20
704,1023.450012,1036,1021.299988,1031.949951,1016.272766,10509756,2018-06-21
705,1028.400024,1029.199951,1008.450012,1012.5,997.118347,16169978,2018-06-22
706,1011.400024,1016.5,1002.299988,1004.450012,989.190674,5197694,2018-06-25
707,1006,1006,975.25,978.950012,964.078064,8068585,2018-06-26
708,978.5,985.400024,962.700012,965.849976,956.987366,8958555,2018-06-27
709,962,968.5,940.299988,944.950012,936.279175,8581234,2018-06-28
710,949.099976,975.5,949,972.450012,963.526794,7966401,2018-06-29
711,972.349976,972.349976,957,960.599976,951.785522,6660916,2018-07-02
712,965,978.450012,960.349976,971.299988,962.387329,5067261,2018-07-03
713,971.799988,992,971,990.099976,981.014832,5000724,2018-07-04
714,997,1008.400024,958.599976,964.5,955.64978,18719353,2018-07-05
715,964.75,983,964.5,977.549988,968.580017,9161266,2018-07-06
716,987.099976,1000,983.5,997.099976,987.950623,5170189,2018-07-09
717,1002.75,1028.5,1000,1025.699951,1016.288147,10444513,2018-07-10
718,1025,1040.900024,1017.849976,1038.800049,1029.267944,8665072,2018-07-11
719,1044.349976,1099,1042.599976,1082.349976,1072.418335,24109297,2018-07-12
720,1080.5,1109,1080,1099.800049,1089.708252,17967282,2018-07-13
721,1099.800049,1108.900024,1073.050049,1076.199951,1066.324707,6595781,2018-07-16
722,1078.300049,1095.949951,1069.599976,1092.349976,1082.326538,6469256,2018-07-17
723,1098.400024,1104.599976,1077.300049,1092.550049,1082.52478,4682099,2018-07-18
724,1093.300049,1115,1086.349976,1104.849976,1094.711792,5433617,2018-07-19
725,1113.400024,1138.5,1111.900024,1128.650024,1118.293579,8018150,2018-07-20
726,1129.800049,1129.800049,1113.099976,1120.300049,1110.020142,5842496,2018-07-23
727,1122,1126.75,1107.400024,1110.949951,1100.755859,4469144,2018-07-24
728,1110,1123,1104.199951,1115.150024,1104.91748,5949680,2018-07-25
729,1110.099976,1121.5,1107.800049,1110.650024,1100.45874,6424867,2018-07-26
730,1119.5,1137.400024,1112.150024,1129.849976,1119.482422,6679468,2018-07-27
731,1130,1157.300049,1128,1151.400024,1140.834839,13872467,2018-07-30
732,1151,1190.400024,1147.150024,1186,1175.11731,13875377,2018-07-31
733,1190.400024,1202.900024,1185.400024,1192.349976,1181.408936,9704295,2018-08-01
734,1191.5,1191.5,1165.949951,1168.349976,1157.62915,6248975,2018-08-02
735,1175,1183.5,1169.550049,1176.949951,1166.150269,6645397,2018-08-03
736,1176.699951,1196,1175.349976,1192.599976,1181.656616,4016418,2018-08-06
737,1194.900024,1201.400024,1177,1184.199951,1173.33374,4059450,2018-08-07
738,1185,1222.5,1185,1217.699951,1206.526367,7912437,2018-08-08
739,1221.5,1231.699951,1212,1217.949951,1206.774048,6846928,2018-08-09
740,1211,1215,1202.300049,1204.199951,1193.150269,3581210,2018-08-10
741,1197.550049,1199.949951,1182.699951,1187.699951,1176.801514,4668159,2018-08-13
742,1190,1217.199951,1184.300049,1210.599976,1199.491577,5299536,2018-08-14
743,1203.25,1216,1195.5,1200.800049,1189.781494,5982490,2018-08-16
744,1209,1215.400024,1200.050049,1203.75,1192.704468,3830992,2018-08-17
745,1207.900024,1236.800049,1207.650024,1234.900024,1223.568604,7607036,2018-08-20
746,1237.25,1251.5,1227,1247.199951,1235.755615,7279641,2018-08-21
747,1246.300049,1274,1238.400024,1269.449951,1257.801392,7968123,2018-08-23
748,1265.25,1279.949951,1260.050049,1277.5,1265.77771,6652005,2018-08-24
749,1279.400024,1295.849976,1278.75,1291.5,1279.649292,5572177,2018-08-27
750,1296,1323,1295,1319,1306.896851,8694751,2018-08-28
751,1316.300049,1329,1290.199951,1294.199951,1282.324341,11077203,2018-08-29
752,1293.599976,1297.150024,1270.449951,1274.449951,1262.755615,9850042,2018-08-30
753,1270,1270,1236.599976,1241.650024,1230.256592,15305857,2018-08-31
754,1245,1257.900024,1226.050049,1229.150024,1217.871338,12200022,2018-09-03
755,1235.150024,1254.800049,1229,1241.949951,1230.553833,8838770,2018-09-04
756,1242.5,1252.650024,1208.5,1227,1215.741089,10324923,2018-09-05
757,1230.150024,1265.699951,1225.349976,1261.400024,1249.825439,11195043,2018-09-06
758,1264.900024,1281.349976,1254.5,1278.599976,1266.867554,10692787,2018-09-07
759,1275,1277,1250.099976,1255.849976,1244.326294,7059008,2018-09-10
760,1259,1268.400024,1234.25,1237.699951,1226.342773,10874768,2018-09-11
761,1251.800049,1258.699951,1228.849976,1252.5,1241.00708,8065553,2018-09-12
762,1259.400024,1275.599976,1247.650024,1253.150024,1241.651123,7878583,2018-09-14
763,1250.75,1250.75,1221.599976,1225.900024,1214.651245,6754086,2018-09-17
764,1226,1239.400024,1214.349976,1217.150024,1205.981445,7616412,2018-09-18
765,1224,1224,1201,1210.75,1199.640137,11265786,2018-09-19
766,1219,1237.400024,1183.5,1217.5,1206.328247,19070172,2018-09-21
767,1214.449951,1239.900024,1204.5,1232.050049,1220.744751,10102589,2018-09-24
768,1235.5,1245,1195,1230.599976,1219.307983,9715020,2018-09-25
769,1239,1253.949951,1227.150024,1251.400024,1239.917114,6396828,2018-09-26
770,1255,1263,1237.5,1253.75,1242.245605,10808749,2018-09-27
771,1259.900024,1271.699951,1247.300049,1257.949951,1246.407104,11073023,2018-09-28
772,1257.699951,1257.699951,1204,1231.699951,1220.397827,7332693,2018-10-01
773,1229.5,1239.599976,1200.050049,1205.099976,1194.041992,7376575,2018-10-03
774,1189.5,1190.400024,1106,1122.25,1111.952271,23212443,2018-10-04
775,1099.5,1115.300049,1038.150024,1048.849976,1039.225708,21943190,2018-10-05
776,1050,1117,1025.550049,1109.400024,1099.220215,24679428,2018-10-08
777,1121.650024,1123.300049,1081.199951,1090.050049,1080.047729,10991196,2018-10-09
778,1093.900024,1115.849976,1084.300049,1102.099976,1091.987183,9502176,2018-10-10
779,1064,1114.75,1043,1087.800049,1077.818359,13224172,2018-10-11
780,1104.949951,1129,1101.900024,1126.550049,1116.212769,9058536,2018-10-12
781,1129.900024,1146.900024,1118.150024,1139.75,1129.291626,8871776,2018-10-15
782,1146,1167.400024,1140,1163.800049,1153.121094,7478601,2018-10-16
783,1179,1179.349976,1140,1151.300049,1140.735718,12785646,2018-10-17
784,1100,1111,1070.25,1101.300049,1091.194458,25421229,2018-10-19
785,1110,1114.800049,1057.349976,1062.650024,1052.89917,13165542,2018-10-22
786,1052.75,1064.699951,1043.650024,1054.699951,1045.021973,10573730,2018-10-23
787,1074.900024,1075.949951,1031.400024,1045.75,1036.154175,13655337,2018-10-24
788,1036,1040.650024,1016.400024,1030.800049,1021.341492,14096237,2018-10-25
789,1032.900024,1057,1022,1044.900024,1035.312134,9182613,2018-10-26
790,1046,1093.849976,1046,1087.800049,1077.818359,7671807,2018-10-29
791,1085.5,1085.5,1052.099976,1057,1047.301025,8806701,2018-10-30
792,1059,1065.849976,1047,1061.25,1051.511963,16457691,2018-10-31
793,1067.900024,1067.900024,1050,1056.25,1046.557861,9396027,2018-11-01
794,1067,1081,1063.150024,1074.900024,1065.036743,16796200,2018-11-02
795,1073.449951,1092.699951,1065,1090.300049,1080.29541,7582518,2018-11-05
796,1094,1112,1091.599976,1104.099976,1093.96875,8634266,2018-11-06
797,1115,1115,1106.699951,1110.699951,1100.508179,1283997,2018-11-07
798,1106.25,1113.800049,1085,1093.449951,1083.416504,10840462,2018-11-09
799,1097.699951,1098.800049,1074.550049,1080,1070.089966,5801720,2018-11-12
800,1074,1103,1070.050049,1099.449951,1089.36145,6811598,2018-11-13
801,1105.050049,1112.650024,1085.5,1097.949951,1087.875244,7787530,2018-11-14
802,1096.949951,1103,1086.5,1096.849976,1086.7854,6831740,2018-11-15
803,1097.949951,1129.949951,1097.099976,1127.400024,1117.054932,11031889,2018-11-16
804,1132.900024,1151.699951,1131,1150,1139.447632,7308981,2018-11-19
805,1145,1155.900024,1130,1137.400024,1126.963257,5719901,2018-11-20
806,1137.5,1145.5,1107.050049,1112.900024,1102.68811,7507812,2018-11-21
807,1114.5,1125.349976,1100.099976,1102.849976,1092.730225,5792568,2018-11-22
808,1109,1117.5,1097.400024,1109.75,1099.566895,6386556,2018-11-26
809,1107.900024,1130,1105.449951,1128.199951,1117.847656,6810228,2018-11-27
810,1132.449951,1157.75,1126.300049,1152.650024,1142.073364,8003964,2018-11-28
811,1161,1179.900024,1160,1168.5,1157.777832,12636169,2018-11-29
812,1172.300049,1186,1162.300049,1167.550049,1156.83667,10717448,2018-11-30
813,1174.900024,1174.900024,1148.5,1156.449951,1145.838379,5569578,2018-12-03
814,1158,1158,1142.199951,1152.300049,1141.726563,5192825,2018-12-04
815,1143.75,1158.800049,1139.300049,1155.150024,1144.550415,5819618,2018-12-05
816,1149,1149,1118.25,1123.650024,1113.339355,5866108,2018-12-06
817,1129.449951,1136.949951,1108.349976,1133.800049,1123.39624,7214078,2018-12-07
818,1110,1114.300049,1083.099976,1090.25,1080.24585,9381544,2018-12-10
819,1066,1102.099976,1055,1097.550049,1087.478882,13494665,2018-12-11
820,1099,1113.5,1087.75,1110.5,1100.310059,12605431,2018-12-12
821,1128,1128,1095.050049,1107.050049,1096.891724,9297518,2018-12-13
822,1103.099976,1114.900024,1091.800049,1112.199951,1101.994385,7221324,2018-12-14
823,1115.949951,1133,1111.5,1129.900024,1119.532104,5064357,2018-12-17
824,1123.300049,1139,1120.5,1136.400024,1125.972534,5870928,2018-12-18
825,1141.5,1147.300049,1133.199951,1136.800049,1126.368774,7368799,2018-12-19
826,1121,1132.5,1116.150024,1128.449951,1118.095337,5764731,2018-12-20
827,1125,1131.25,1096,1100.199951,1090.104492,8281941,2018-12-21
828,1100.900024,1103.199951,1086.550049,1089.150024,1079.156006,4144535,2018-12-24
829,1085.800049,1100,1065.650024,1098.349976,1088.271606,7210059,2018-12-26
830,1107.199951,1127,1104,1120.199951,1109.921021,12478000,2018-12-27
831,1125.5,1135.25,1121.199951,1125.550049,1115.222046,7666016,2018-12-28
832,1130.949951,1133.849976,1116.199951,1121.25,1110.961426,7222817,2018-12-31
833,1125.25,1127.300049,1110.099976,1121,1110.713623,4455850,2019-01-01
834,1114.5,1127,1101,1106.400024,1096.247681,7144970,2019-01-02
835,1107.5,1114.599976,1090.099976,1092.75,1082.7229,7446457,2019-01-03
836,1097.400024,1104.449951,1081.099976,1098.650024,1088.568726,8465141,2019-01-04
837,1107,1118.449951,1101,1104.75,1094.612793,5513559,2019-01-07
838,1105.099976,1109.949951,1096,1104.650024,1094.513794,5625153,2019-01-08
839,1112,1117,1098.699951,1110.75,1100.557861,5766805,2019-01-09
840,1107.75,1111,1103,1107.5,1097.337524,4080283,2019-01-10
841,1107.599976,1113.800049,1088.599976,1098.050049,1087.974365,6463903,2019-01-11
842,1095,1100.5,1086.400024,1096.800049,1086.73584,4111782,2019-01-14
843,1105,1132,1105,1129.650024,1119.284302,10062875,2019-01-15
844,1135,1145,1130.349976,1135.900024,1125.477051,6382777,2019-01-16
845,1144.449951,1147.900024,1130,1134.449951,1124.040161,7487963,2019-01-17
846,1148.800049,1189.900024,1135.25,1184.349976,1173.482422,25684142,2019-01-18
847,1194,1239.949951,1188.650024,1237.699951,1226.342773,22038534,2019-01-21
848,1232.849976,1246.949951,1219.599976,1235.150024,1223.816284,16552819,2019-01-22
849,1233.300049,1244.199951,1222,1226.300049,1215.047607,8829502,2019-01-23
850,1225,1253.199951,1220.099976,1247.449951,1236.003296,13155185,2019-01-24
851,1250.449951,1264.699951,1235.400024,1246,1234.566772,8550836,2019-01-25
852,1250.5,1255.949951,1222.400024,1229.550049,1218.2677,8569265,2019-01-28
853,1231,1231.650024,1201.349976,1210.650024,1199.541138,9328866,2019-01-29
854,1215,1225,1191.099976,1195.699951,1184.728149,7846940,2019-01-30
855,1202,1229.699951,1201,1227.150024,1215.889771,10185347,2019-01-31
856,1234,1255,1227.050049,1249.949951,1238.480469,9228965,2019-02-01
857,1247,1296.949951,1242.050049,1290.900024,1279.054688,11670570,2019-02-04
858,1292,1304.400024,1278.599976,1291.550049,1279.69873,9362406,2019-02-05
859,1296.25,1317.650024,1294.25,1310.25,1298.227173,9411585,2019-02-06
860,1310.25,1321.199951,1286.099976,1290.400024,1278.559326,9212227,2019-02-07
861,1284.800049,1300.5,1272.25,1277.699951,1265.975708,6505502,2019-02-08
862,1275.900024,1276,1251,1253.25,1241.750244,7523999,2019-02-11
863,1251.5,1272.349976,1251.5,1256.400024,1244.871338,6399485,2019-02-12
864,1241,1241,1218,1224.199951,1212.966675,6627360,2019-02-14
865,1229.75,1249.900024,1214,1244.449951,1233.030884,9597961,2019-02-15
866,1250,1252.5,1215,1220.099976,1208.904419,9649017,2019-02-18
867,1218,1239.699951,1211.199951,1216.099976,1204.94104,6244189,2019-02-19
868,1223.849976,1240,1219,1234.349976,1223.02356,6298179,2019-02-20
869,1236,1257.800049,1229.349976,1246.900024,1235.458496,10580178,2019-02-21
870,1244.599976,1245.300049,1226,1232.349976,1221.04187,8755865,2019-02-22
871,1236,1243,1220.650024,1232.300049,1220.992554,7852528,2019-02-25
872,1209.5,1234.800049,1206,1220.25,1209.052979,10131050,2019-02-26
873,1228.050049,1244.900024,1209,1223.5,1212.273071,11113182,2019-02-27
874,1233.75,1239.849976,1226.550049,1231.050049,1219.753906,11286916,2019-02-28
875,1237,1242.349976,1222.25,1226.050049,1214.799805,7922513,2019-03-01
876,1223.400024,1239.800049,1218.599976,1237.650024,1226.293335,7121509,2019-03-05
877,1239.800049,1273.099976,1235.099976,1264.800049,1253.194336,12038231,2019-03-06
878,1264,1279.800049,1258.150024,1270.25,1258.594238,8109259,2019-03-07
879,1266.050049,1274.449951,1262,1267.099976,1255.473022,6040052,2019-03-08
880,1270.050049,1312,1268,1304.099976,1292.133545,9718840,2019-03-11
881,1316.900024,1334,1314.25,1331.349976,1319.133423,11228736,2019-03-12
882,1337,1360,1328.099976,1347.300049,1334.937256,11236048,2019-03-13
883,1349.75,1362,1336.099976,1341.550049,1329.23999,10402048,2019-03-14
884,1345,1358.800049,1311.199951,1321.650024,1309.522583,15893093,2019-03-15
885,1331,1357.949951,1329,1350.050049,1337.661987,10105234,2019-03-18
886,1360,1380,1343.099976,1376.550049,1363.918823,9805318,2019-03-19
887,1377.800049,1388,1364,1375.449951,1362.828857,9892823,2019-03-20
888,1372.5,1380.900024,1336.699951,1341.75,1329.43811,11465112,2019-03-22
889,1330.599976,1336.849976,1316.699951,1324.449951,1312.296875,7951992,2019-03-25
890,1330.300049,1371.599976,1330,1367.25,1354.704102,9479288,2019-03-26
891,1377.949951,1377.949951,1344.25,1349.25,1336.869263,10094174,2019-03-27
892,1350.25,1369.800049,1342.800049,1360,1347.52063,10482938,2019-03-28
893,1370,1406.800049,1362.550049,1391.849976,1379.078369,10098281,2019-04-01
894,1398,1403.099976,1380.099976,1389.699951,1376.947998,8012636,2019-04-02
895,1392.75,1403,1372,1375.199951,1362.581177,7849461,2019-04-03
896,1379,1383.699951,1347.25,1353.050049,1340.634399,8375674,2019-04-04
897,1360.949951,1363.900024,1343,1353.900024,1341.476563,6728239,2019-04-05
898,1356,1357.5,1323.699951,1329.25,1317.052856,8723577,2019-04-08
899,1328.900024,1340.699951,1321,1334.449951,1322.204956,9497621,2019-04-09
900,1337.949951,1348,1326.5,1331.400024,1319.183105,7612711,2019-04-10
901,1332.949951,1353,1329,1346.800049,1334.441772,5741333,2019-04-11
902,1350,1356.900024,1336.650024,1343.099976,1330.775635,5919742,2019-04-12
903,1345,1348.949951,1335,1340.150024,1327.852905,4245127,2019-04-15
904,1345,1360,1340,1343.75,1331.419678,7936553,2019-04-16
905,1375,1389.75,1365,1385.949951,1373.232422,17960482,2019-04-18
906,1360,1367,1341.300049,1345.349976,1333.005005,10792748,2019-04-22
907,1348,1373,1346,1363.849976,1351.335205,9055300,2019-04-23
908,1370.300049,1394.800049,1366.25,1389.5,1376.749878,7360887,2019-04-24
909,1389.099976,1412.400024,1362.599976,1372.400024,1359.806885,13929820,2019-04-25
910,1375,1395.949951,1370.699951,1392.800049,1380.019653,6889444,2019-04-26
911,1396.400024,1396.400024,1366.800049,1392.800049,1380.019653,10217019,2019-04-30
912,1392,1413.900024,1382.099976,1405.050049,1392.157349,8682505,2019-05-02
913,1407.949951,1417.5,1402.650024,1408.849976,1395.922363,6510169,2019-05-03
914,1398,1402.800049,1378.099976,1384.900024,1372.192139,7237910,2019-05-06
915,1394.800049,1395,1340.199951,1343.5,1331.171997,8877095,2019-05-07
916,1340,1340,1292.199951,1299.449951,1287.526245,14610543,2019-05-08
917,1288.800049,1288.800049,1251.75,1256.449951,1244.920776,19507368,2019-05-09
918,1265,1277.699951,1245,1251.150024,1239.669434,11226831,2019-05-10
919,1247.900024,1260.800049,1227.5,1232.050049,1220.744751,8047801,2019-05-13
920,1236.5,1269.349976,1231.5,1260.449951,1248.884033,13001004,2019-05-14
921,1273,1278,1250.599976,1256.900024,1245.366699,11163801,2019-05-15
922,1259.949951,1271.900024,1258.099976,1265.349976,1253.739136,6606652,2019-05-16
923,1267,1276.949951,1252,1267.400024,1255.770386,7898440,2019-05-17
924,1313.599976,1337.699951,1303.5,1325.900024,1313.733521,12333937,2019-05-20
925,1332.199951,1367,1330.050049,1339.800049,1327.505981,13872055,2019-05-21
926,1345.650024,1359.699951,1335.099976,1340.400024,1328.100464,11287400,2019-05-22
927,1372,1392,1325,1333.900024,1321.660156,17722514,2019-05-23
928,1348,1353.800049,1316.5,1336.849976,1324.583008,10180759,2019-05-24
929,1337.099976,1337.5,1307,1310.650024,1298.623535,7349720,2019-05-27
930,1319.800049,1334.800049,1313.349976,1323.75,1311.603271,19472659,2019-05-28
931,1321,1333.300049,1304.150024,1313.050049,1301.001465,7112830,2019-05-29
932,1316.25,1342,1316.25,1329.75,1317.548218,10740841,2019-05-30
933,1337.900024,1341.900024,1320.199951,1330.150024,1317.94458,11760178,2019-05-31
934,1335,1367.25,1321.199951,1360.199951,1347.71875,8483610,2019-06-03
935,1357.449951,1374.25,1348.099976,1351.650024,1339.247314,7059911,2019-06-04
936,1361.900024,1361.900024,1321.099976,1327.349976,1315.170166,7664319,2019-06-06
937,1325.949951,1327.25,1305.599976,1314.900024,1302.834595,6730595,2019-06-07
938,1320.900024,1327,1310.099976,1319.150024,1307.045532,5380148,2019-06-10
939,1321.849976,1334.5,1318,1329.150024,1316.953735,5253790,2019-06-11
940,1334.699951,1338.400024,1325,1332.150024,1319.92627,4707716,2019-06-12
941,1330,1334.699951,1308.650024,1327.25,1315.071167,7171189,2019-06-13
942,1321.900024,1325,1309.400024,1317.550049,1305.460205,6831331,2019-06-14
943,1320,1320,1278.5,1282.300049,1270.533691,6815554,2019-06-17
944,1278.900024,1287.949951,1269.099976,1281,1269.245483,7679193,2019-06-18
945,1286.900024,1302,1262.599976,1277.349976,1265.629028,6625604,2019-06-19
946,1280,1300,1278,1296.75,1284.851074,4914012,2019-06-20
947,1295.949951,1296,1275.550049,1279.5,1267.759277,10623098,2019-06-21
948,1272.150024,1276.449951,1257.099976,1262.400024,1250.816162,5150998,2019-06-24
949,1258.900024,1298,1254.25,1295.849976,1283.959229,6842363,2019-06-25
950,1291,1304.599976,1286.349976,1294.150024,1282.274902,5299942,2019-06-26
951,1293.150024,1296.900024,1271,1274.150024,1262.458374,11385972,2019-06-27
952,1277.099976,1282.849976,1248.650024,1253.099976,1241.60144,8659721,2019-06-28
953,1258.050049,1272.650024,1246.449951,1268.849976,1257.207031,6162080,2019-07-01
954,1273.949951,1281,1263.300049,1278.5,1266.768555,4638751,2019-07-02
955,1282.900024,1286.5,1275.050049,1282.550049,1270.781372,4026032,2019-07-03
956,1281.400024,1291,1280,1284,1272.218018,4275148,2019-07-04
957,1285.099976,1290.5,1260,1263.349976,1251.757446,4995344,2019-07-05
958,1258,1268.099976,1248.199951,1252.050049,1240.561279,6404544,2019-07-08
959,1248.949951,1283.5,1245.5,1280.099976,1268.35376,8016757,2019-07-09
960,1280.050049,1289.349976,1268.699951,1278.849976,1267.115234,5494315,2019-07-10
961,1287,1289.800049,1279.300049,1281.550049,1269.790527,3935460,2019-07-11
962,1283,1300,1278.050049,1280.5,1268.750122,7174054,2019-07-12
963,1285,1289.5,1270.349976,1276.099976,1264.390503,4873164,2019-07-15
964,1279.949951,1294.900024,1277.050049,1293,1281.135498,4604019,2019-07-16
965,1294.300049,1297,1280,1281.849976,1270.087646,4334958,2019-07-17
966,1282,1286.400024,1258,1261.849976,1250.27124,5459896,2019-07-18
967,1268.199951,1272.949951,1242.699951,1249,1237.539185,7468515,2019-07-19
968,1251,1284.5,1227.300049,1280.5,1268.750122,13300153,2019-07-22
969,1285,1293.900024,1260.400024,1273.550049,1261.864014,9287951,2019-07-23
970,1273.5,1278.800049,1253.550049,1259.099976,1247.546387,6943982,2019-07-24
971,1264,1269.050049,1227,1231.5,1220.199707,9968545,2019-07-25
972,1231.5,1242.5,1210,1213.800049,1202.662231,9320481,2019-07-26
973,1216.900024,1222,1205.099976,1210.949951,1199.838257,8058035,2019-07-29
974,1213.949951,1220,1175.949951,1180.900024,1170.064087,9533344,2019-07-30
975,1175.75,1185,1162.400024,1166.25,1155.548462,9705619,2019-07-31
976,1163.400024,1188.199951,1150.349976,1180.25,1169.420044,10344862,2019-08-01
977,1175.699951,1198.25,1162.099976,1184.349976,1179.919556,10865385,2019-08-02
978,1167,1167,1128,1143.349976,1139.072998,13897461,2019-08-05
979,1134.75,1149.599976,1122,1128.300049,1124.079346,13288909,2019-08-06
980,1126.5,1138.550049,1103.099976,1109.400024,1105.25,11588879,2019-08-07
981,1108.349976,1158,1095.300049,1152.349976,1148.039307,14262936,2019-08-08
982,1161.849976,1175.5,1152.300049,1162.099976,1157.752808,10043949,2019-08-09
983,1233.150024,1302.800049,1226,1274.75,1269.981445,47923444,2019-08-13
984,1304,1304.449951,1280.349976,1288.25,1283.430908,14487137,2019-08-14
985,1291.199951,1291.800049,1273,1278,1273.219238,10047496,2019-08-16
986,1281.050049,1296.800049,1280,1292.599976,1287.764648,7459859,2019-08-19
987,1289.800049,1292.599976,1272.599976,1275.949951,1271.17688,6843460,2019-08-20
988,1275.650024,1278.650024,1266.5,1270.949951,1266.195557,4881553,2019-08-21
989,1270.949951,1271,1238.900024,1246.75,1242.086182,6414937,2019-08-22
990,1239,1284,1226.5,1275.849976,1271.077271,9741262,2019-08-23
991,1294,1294,1259,1266.800049,1262.061279,8778739,2019-08-26
992,1285,1285,1261.199951,1274.849976,1270.081055,12984396,2019-08-27
993,1273.75,1281,1256.050049,1263.300049,1258.574341,5305639,2019-08-28
994,1256.449951,1260.25,1235.300049,1241.75,1237.104858,8635974,2019-08-29
995,1245.5,1254.400024,1221,1248.550049,1243.879517,11308120,2019-08-30
996,1242.25,1243,1200,1206.400024,1201.887085,8563009,2019-09-03
997,1200.550049,1205.25,1186.050049,1201.150024,1196.656738,15063355,2019-09-04
998,1206.800049,1213.199951,1193.300049,1198.599976,1194.116211,10512763,2019-09-05
999,1203,1229,1195.25,1222.5,1217.92688,10600234,2019-09-06
1000,1220.650024,1233,1213.150024,1222.199951,1217.62793,5370758,2019-09-09
1001,1222.5,1240,1222.5,1234.400024,1229.782349,5544468,2019-09-11
1002,1235,1240.449951,1205.699951,1210.349976,1205.822266,5431139,2019-09-12
1003,1212,1228.5,1206.900024,1225.599976,1221.015259,5919260,2019-09-13
1004,1189,1219.099976,1186.099976,1210.75,1206.220825,9393731,2019-09-16
1005,1211,1211,1193.5,1197.449951,1192.970581,7150435,2019-09-17
1006,1204.949951,1216.300049,1197.199951,1205.699951,1201.189697,6827281,2019-09-18
1007,1207.849976,1209.699951,1172.650024,1179.050049,1174.639526,6293454,2019-09-19
1008,1187.949951,1269.900024,1174.300049,1254.349976,1249.657715,22019674,2019-09-20
1009,1274.150024,1281,1235,1239.199951,1234.564331,9879751,2019-09-23
1010,1243.599976,1298.800049,1242.75,1278.699951,1273.916626,15982067,2019-09-24
1011,1284,1295,1268.849976,1279.550049,1274.76355,8316894,2019-09-25
1012,1292,1298.800049,1283.5,1296.800049,1291.948975,8389212,2019-09-26
1013,1292.5,1315,1284,1309.050049,1304.153198,8712980,2019-09-27
1014,1310,1335.75,1305.550049,1332.25,1327.266357,11549746,2019-09-30
1015,1337,1342,1293.300049,1304.900024,1300.018677,8192597,2019-10-01
1016,1286,1314.699951,1281.300049,1311.050049,1306.14563,6183107,2019-10-03
1017,1319.900024,1328.599976,1303.849976,1308.099976,1303.206665,6853954,2019-10-04
1018,1308.099976,1320.800049,1301.699951,1310.099976,1305.199219,4599818,2019-10-07
1019,1308.699951,1329.949951,1292.5,1324.75,1319.794434,8040938,2019-10-09
1020,1325,1369,1321,1362.75,1357.652222,16003744,2019-10-10
1021,1363.699951,1365.599976,1336.550049,1352.599976,1347.540161,7587648,2019-10-11
1022,1364.949951,1364.949951,1350.849976,1358,1352.920044,6123412,2019-10-14
1023,1362.5,1370,1354.300049,1364.150024,1359.046997,4422075,2019-10-15
1024,1369.900024,1379.650024,1363.699951,1372.349976,1367.216309,8870701,2019-10-16
1025,1375,1399,1372,1396.5,1391.276001,7332464,2019-10-17
1026,1404,1427.900024,1398.699951,1416.349976,1411.051758,12856410,2019-10-18
1027,1425,1436.849976,1403.349976,1414.150024,1408.859985,12703054,2019-10-22
1028,1416.300049,1425.949951,1383.150024,1392.400024,1387.191406,8432964,2019-10-23
1029,1401,1441.400024,1386.550049,1436.449951,1431.076538,10351384,2019-10-24
1030,1441.099976,1441.449951,1411.25,1431.199951,1425.846191,6190013,2019-10-25
1031,null,null,null,null,null,null,2019-10-27
1032,1445.5,1480,1442.099976,1467.050049,1461.562134,11780494,2019-10-29
1033,1480,1484.550049,1460.300049,1479.099976,1473.567017,7470723,2019-10-30
1034,1484,1489.650024,1461.699951,1464.349976,1458.872192,8898168,2019-10-31
1035,1455,1461.800049,1441,1456.900024,1451.450073,6356579,2019-11-01
1036,1465.900024,1471,1445.099976,1457.650024,1452.197266,6429329,2019-11-04
1037,1463.099976,1468.949951,1441,1447.300049,1441.885986,5799318,2019-11-05
1038,1442.699951,1446.449951,1428.5,1434.900024,1429.532349,6686289,2019-11-06
1039,1435,1463,1432.199951,1458.599976,1453.143677,6438749,2019-11-07
1040,1449,1459.650024,1441.300049,1445.5,1440.092651,5494844,2019-11-08
1041,1439.099976,1444.25,1422.550049,1427.800049,1422.458984,5192423,2019-11-11
1042,1430,1475.900024,1430,1472.300049,1466.79248,11532364,2019-11-13
1043,1476,1481.599976,1455.800049,1462.75,1457.278198,6518339,2019-11-14
1044,1465.650024,1486.800049,1463.150024,1470.849976,1465.347778,7173674,2019-11-15
1045,1472.650024,1486,1455.400024,1459.199951,1453.741455,6435097,2019-11-18
1046,1467,1514.900024,1465,1509.75,1504.102295,13795569,2019-11-19
1047,1555.050049,1572.400024,1543.199951,1547.650024,1541.860596,19904164,2019-11-20
1048,1545,1556,1528.550049,1537.599976,1531.848145,6810577,2019-11-21
1049,1542.099976,1569.5,1537.599976,1546.5,1540.714844,10218978,2019-11-22
1050,1551.150024,1564.800049,1551,1561.550049,1555.708618,6924313,2019-11-25
1051,1568.099976,1576.349976,1556,1560.25,1554.413452,16152137,2019-11-26
1052,1559.949951,1575.5,1556.099976,1569.849976,1563.977539,4408336,2019-11-27
1053,1572.650024,1584.150024,1563.949951,1580.300049,1574.388428,6284885,2019-11-28
1054,1581.949951,1581.949951,1547.849976,1551.150024,1545.347534,8484822,2019-11-29
1055,1600,1614.449951,1577,1586.5,1580.565186,14275186,2019-12-02
1056,1592.75,1594,1572.599976,1578.900024,1572.993652,5938786,2019-12-03
1057,1573,1577.5,1533.75,1552.699951,1546.891602,9594828,2019-12-04
1058,1574,1579.75,1544,1550.849976,1545.048584,9117022,2019-12-05
1059,1553,1568,1541.099976,1554.900024,1549.083496,5982129,2019-12-06
1060,1556.150024,1577.400024,1546.5,1572.599976,1566.717163,5779807,2019-12-09
1061,1572.050049,1573.599976,1554.150024,1561.949951,1556.107056,4650906,2019-12-10
1062,1555.599976,1574.5,1550.599976,1562.400024,1556.55542,5652698,2019-12-11
1063,1570.25,1573.849976,1556.650024,1568.199951,1562.333618,4720977,2019-12-12
1064,1580,1590,1572.400024,1582.900024,1576.97876,5791522,2019-12-13
1065,1592,1593.900024,1564.349976,1566.599976,1560.739624,5436951,2019-12-16
1066,1566.75,1579,1555.550049,1562.699951,1556.854248,9291724,2019-12-17
1067,1563,1580,1562,1575.849976,1569.955078,6739582,2019-12-18
1068,1573.699951,1614.900024,1571.800049,1609.949951,1603.92749,9375484,2019-12-19
1069,1615,1617.550049,1596.099976,1599.099976,1593.118042,9724619,2019-12-20
1070,1560.099976,1577.550049,1557.800049,1571.400024,1565.521729,11478429,2019-12-23
1071,1568.900024,1572.050049,1542.5,1546.449951,1540.665039,8251144,2019-12-24
1072,1541.650024,1552.949951,1510.150024,1515.400024,1509.731201,13605737,2019-12-26
1073,1527,1546.199951,1521.300049,1542.349976,1536.580322,8081591,2019-12-27
1074,1545.949951,1547.650024,1528.050049,1544.199951,1538.423462,7828402,2019-12-30
1075,1542,1543.699951,1508.050049,1514.050049,1508.386353,10150467,2019-12-31
1076,1518,1527.099976,1505.5,1509.599976,1503.952881,6402372,2020-01-01
1077,1512,1540.949951,1512,1535.300049,1529.556763,8096561,2020-01-02
1078,1533,1541.650024,1523,1537.150024,1531.399902,9593498,2020-01-03
1079,1520,1527.900024,1498,1501.5,1495.883179,11209343,2020-01-06
1080,1519,1534.5,1513.5,1524.599976,1518.896729,7627191,2020-01-07
1081,1515,1534.449951,1510,1513.150024,1507.489624,7336561,2020-01-08
1082,1538.599976,1550,1531.25,1548,1542.209229,6849606,2020-01-09
1083,1551.900024,1557.949951,1539.650024,1547.650024,1541.860596,5704686,2020-01-10
1084,1545.050049,1558.699951,1538.400024,1543.699951,1537.925293,8358090,2020-01-13
1085,1540,1550,1521.849976,1529.400024,1523.678833,7230788,2020-01-14
1086,1535.849976,1539.900024,1518.25,1523.849976,1518.149536,7231393,2020-01-15
1087,1529,1543.349976,1528,1537.900024,1532.147095,5873662,2020-01-16
1088,1553.5,1584.949951,1553.199951,1581,1575.085815,13469708,2020-01-17
1089,1609,1609,1526.400024,1532.349976,1526.617798,14878868,2020-01-20
1090,1528.599976,1545.849976,1522,1533.900024,1528.161987,8650831,2020-01-21
1091,1544,1546.75,1531.099976,1533.349976,1527.614014,4719245,2020-01-22
1092,1536.5,1541.949951,1520.699951,1526.849976,1521.138306,5142088,2020-01-23
1093,1527,1536.349976,1518.550049,1521.550049,1515.858276,6687633,2020-01-24
1094,1514.900024,1524.449951,1505,1506.550049,1500.914307,6120429,2020-01-27
1095,1508.599976,1510,1463.599976,1471.75,1466.244507,11215313,2020-01-28
1096,1474.050049,1494.400024,1464.050049,1479.849976,1474.314209,11313297,2020-01-29
1097,1479,1479.699951,1440,1443.75,1438.349243,10241756,2020-01-30
1098,1453,1453.25,1407.199951,1411.650024,1406.369385,15886673,2020-01-31
1099,1369.900024,1399.949951,1363.050049,1385.5,1380.317139,14040626,2020-02-03
1100,1400,1432.5,1397.800049,1426.400024,1421.064209,11604666,2020-02-04
1101,1434.900024,1452.800049,1430.300049,1448.5,1443.081421,8444823,2020-02-05
1102,1454.099976,1467,1440.099976,1457.800049,1452.34668,7103715,2020-02-06
1103,1451,1452.349976,1428.300049,1433.650024,1428.286987,5581641,2020-02-07
1104,1428,1445.5,1410.449951,1435.599976,1430.229736,6922631,2020-02-10
1105,1447.400024,1466.199951,1445.050049,1452.75,1447.315552,6400245,2020-02-11
1106,1456.150024,1474.849976,1455,1470.300049,1464.799927,6187091,2020-02-12
1107,1477.75,1477.75,1462.599976,1474.150024,1468.635498,6201763,2020-02-13
1108,1477.25,1501.449951,1453.099976,1487.599976,1482.035156,9704655,2020-02-14
1109,1489,1506.150024,1474.300049,1478.25,1472.720215,6011340,2020-02-17
1110,1475.900024,1475.900024,1457.400024,1467.400024,1461.910767,5086964,2020-02-18
1111,1479.349976,1506.449951,1475.099976,1503.800049,1498.174683,6438918,2020-02-19
1112,1497,1508,1483.800049,1485.949951,1480.391357,7722577,2020-02-20
1113,1469.75,1477,1439.550049,1444.949951,1439.544678,9769743,2020-02-24
1114,1451.400024,1451.400024,1410,1416.400024,1411.101563,12684109,2020-02-25
1115,1410,1412.349976,1387.349976,1392,1386.792847,13423661,2020-02-26
1116,1388,1393.800049,1369,1386.25,1381.064331,11454300,2020-02-27
1117,1354.900024,1357,1325,1328.650024,1323.67981,17973847,2020-02-28
1118,1355.099976,1369,1301.099976,1316.150024,1311.226563,13486634,2020-03-02
1119,1329.699951,1353.900024,1322,1342.849976,1337.82666,12525809,2020-03-03
1120,1352,1353.800049,1307.900024,1339.699951,1334.688477,10105782,2020-03-04
1121,1352.199951,1357.949951,1306,1311.150024,1306.245239,13948324,2020-03-05
1122,1270,1288.150024,1241.099976,1271,1266.245483,15422068,2020-03-06
1123,1240.050049,1241,1095,1114.150024,1109.982178,40316138,2020-03-09
1124,1108,1178.449951,1108,1153.550049,1149.234863,27237321,2020-03-11
1125,1085,1101,1048.699951,1063,1059.02356,25587823,2020-03-12
1126,998,1140,942.400024,1105.300049,1101.165405,33509107,2020-03-13
1127,1060.550049,1079.699951,1005,1015.700012,1011.900513,17592794,2020-03-16
1128,1047.25,1060,1003.200012,1008,1004.229309,20776373,2020-03-17
1129,1025.300049,1035.900024,961,968.5,964.877075,20449241,2020-03-18
1130,920.099976,967,892.200012,917.700012,914.26709,28071848,2020-03-19
1131,939.5,1034.900024,930,1017.950012,1014.14209,28966278,2020-03-20
1132,916.200012,950,875.650024,884.049988,880.74292,18593390,2020-03-23
1133,930,970,895.799988,943.400024,939.870972,20908452,2020-03-24
1134,963.799988,1151.550049,963.25,1082.25,1078.201538,33432712,2020-03-25
1135,1095.800049,1116.900024,1042.349976,1066.199951,1062.211548,20912841,2020-03-26
1136,1095,1107.300049,1046.199951,1065.599976,1061.61377,19044609,2020-03-27
1137,1040.599976,1074.800049,1020,1030.449951,1026.595215,13820078,2020-03-30
1138,1073.949951,1129.800049,1048,1113.75,1109.58374,20249183,2020-03-31
1139,1122.25,1124.599976,1045.199951,1080.449951,1076.408203,19016959,2020-04-01
1140,1134.449951,1134.449951,1056.300049,1077.449951,1073.419434,18911970,2020-04-03
1141,1102.099976,1214,1100,1206.099976,1201.588257,24857792,2020-04-07
1142,1180,1229,1160,1192.150024,1187.69043,22803609,2020-04-08
1143,1214,1232.800049,1193,1219.949951,1215.386353,15101511,2020-04-09
1144,1203.949951,1215,1180,1189.150024,1184.70166,10822858,2020-04-13
1145,1197.050049,1236,1143,1149.849976,1145.548584,16147958,2020-04-15
1146,1149.849976,1187.449951,1145,1168.050049,1163.680664,17123489,2020-04-16
1147,1216,1230,1192.650024,1224,1219.421265,15209621,2020-04-17
1148,1226,1257,1202,1243.800049,1239.147217,16472130,2020-04-20
1149,1210,1252,1164,1237.349976,1232.721313,28057044,2020-04-21
1150,1320,1384.900024,1300,1363.599976,1358.499023,65230035,2020-04-22
1151,1367.349976,1385.849976,1353.300049,1370.900024,1365.771729,29928168,2020-04-23
1152,1350.150024,1494.949951,1347.199951,1417,1411.699341,61711199,2020-04-24
1153,1434,1475,1423,1429.75,1424.401611,26736415,2020-04-27
1154,1450,1455.449951,1392.150024,1428.150024,1422.807617,35866256,2020-04-28
1155,1444.900024,1453.650024,1420,1426.949951,1421.612061,17141303,2020-04-29
1156,1440.300049,1480.910034,1424.550049,1452.22998,1446.797485,32926121,2020-04-30
1157,1426.47998,1451.23999,1404.140015,1421.719971,1416.401611,24670336,2020-05-04
1158,1440.050049,1465.109985,1433.609985,1446.930054,1441.517456,20723079,2020-05-05
1159,1450.25,1471.01001,1431.930054,1447.030029,1441.616943,18685710,2020-05-06
1160,1441.339966,1499.439941,1431.430054,1492.800049,1487.21582,23087436,2020-05-07
1161,1530.48999,1565.060059,1522.670044,1547.130005,1541.342529,38887255,2020-05-08
1162,1565.160034,1599.839966,1557.540039,1561.98999,1556.146973,30959745,2020-05-11
1163,1550.109985,1553.619995,1451.23999,1465.359985,1459.878418,46465281,2020-05-12
1164,1527,1527,1454,1496.449951,1490.852051,30657492,2020-05-13
1165,1469,1496.699951,1430.050049,1435.949951,1430.578369,22736607,2020-05-14
1166,1444,1466.699951,1415.099976,1459.400024,1453.940674,28683258,2020-05-15
1167,1470,1482,1428,1440.75,1435.360474,28980385,2020-05-18
1168,1457,1461.699951,1403.25,1408.900024,1403.629639,19528760,2020-05-19
1169,1410,1446.849976,1393,1433.699951,1428.336792,25530626,2020-05-20
1170,1435,1461.449951,1425,1441.25,1435.858643,18076017,2020-05-21
1171,1451.800049,1458,1426.5,1431.550049,1426.194946,17458065,2020-05-22
1172,1448.150024,1449.699951,1416.300049,1424.050049,1418.723022,15329472,2020-05-26
1173,1431,1454,1412,1445.550049,1440.142578,16460756,2020-05-27
1174,1455,1479.75,1449,1472.25,1466.742676,18518271,2020-05-28
1175,1468,1472,1452.650024,1464.400024,1458.921997,18470390,2020-05-29
1176,1480,1538.349976,1475.949951,1520.349976,1514.66272,18434012,2020-06-01
1177,1526,1540,1520.800049,1535.699951,1529.9552,10224049,2020-06-02
1178,1545,1560,1533.349976,1541.650024,1535.883057,11713461,2020-06-03
1179,1544,1589.5,1541,1579.800049,1573.890381,15784379,2020-06-04
1180,1595,1618,1573.699951,1581.699951,1575.783203,15264885,2020-06-05
1181,1618.400024,1618.400024,1565,1569.5,1563.628784,14497996,2020-06-08
1182,1560.300049,1583,1533,1537.150024,1531.399902,11933076,2020-06-09
1183,1543.099976,1579.550049,1540.050049,1572.150024,1566.268921,10214213,2020-06-10
1184,1566,1567.949951,1531,1537.699951,1531.947754,9408046,2020-06-11
1185,1500,1593,1497,1588.800049,1582.856689,17790311,2020-06-12
1186,1565,1626.949951,1561.099976,1614.550049,1608.510376,24509058,2020-06-15
1187,1643,1648.550049,1585.300049,1617.699951,1611.648438,23622794,2020-06-16
1188,1608.25,1635.449951,1602.099976,1615.349976,1609.307251,19282411,2020-06-17
1189,1607,1665,1605.599976,1655.900024,1649.705688,18677617,2020-06-18
1190,1670,1788.800049,1662,1759.400024,1752.818481,48828609,2020-06-19
1191,1773.400024,1804.199951,1735,1746.150024,1739.618042,27781693,2020-06-22
1192,1750,1763.75,1716.099976,1720.900024,1714.462524,17519493,2020-06-23
1193,1735.900024,1772.699951,1711.699951,1727.849976,1721.386475,23807033,2020-06-24
1194,1727,1749,1713.050049,1717.900024,1711.473755,18312025,2020-06-25
1195,1728.800049,1752,1717,1741.650024,1735.134888,14270458,2020-06-26
1196,1728.050049,1739.75,1715.550049,1723.150024,1716.704102,11824524,2020-06-29
1197,1737,1741,1695.550049,1704.099976,1697.725342,13972563,2020-06-30
1198,1720,1749,1708.050049,1737.599976,1731.099976,13136179,2020-07-01
1199,1743,1767.599976,1735.050049,1760.349976,1760.349976,13286365,2020-07-02
1200,1779.800049,1793,1768,1787.900024,1787.900024,13583909,2020-07-03
1201,1805,1858,1792.099976,1851.800049,1851.800049,21697962,2020-07-06
1202,1860,1864.349976,1806.300049,1823.449951,1823.449951,16239990,2020-07-07
1203,1824.050049,1834.949951,1790,1798,1798,12093186,2020-07-08
1204,1809,1835,1786.25,1824.25,1824.25,16807336,2020-07-09
1205,1828.5,1884.599976,1824.25,1878.050049,1878.050049,20195218,2020-07-10
1206,1903.349976,1947.699951,1900,1935,1935,32124262,2020-07-13
1207,1934,1941.699951,1887.300049,1917,1917,31073305,2020-07-14
1208,1937.949951,1978.800049,1798,1844,1844,64457578,2020-07-15
1209,1847,1869,1812.449951,1843.400024,1843.400024,28133826,2020-07-16
1210,1845,1920,1838,1911.699951,1911.699951,22948894,2020-07-17
1211,1917.800049,1932,1899.650024,1919.900024,1919.900024,16887635,2020-07-20
1212,1939,1977,1936.5,1971.550049,1971.550049,19463004,2020-07-21
1213,1983,2010,1960.699951,2004,2004,27584518,2020-07-22
1214,2003.949951,2079.699951,1991.349976,2057.800049,2057.800049,26921017,2020-07-23
1215,2058,2163,2057.800049,2146.149902,2146.149902,55655668,2020-07-24
1216,2178.800049,2198.800049,2127.899902,2156.199951,2156.199951,37060665,2020-07-27
1217,2156.199951,2194,2150.649902,2177.699951,2177.699951,25435297,2020-07-28
1218,2177.899902,2182.800049,2070.449951,2096.649902,2096.649902,33534147,2020-07-29
1219,2099,2139.699951,2072,2108.850098,2108.850098,33623699,2020-07-30
1220,2114.5,2129,2052.800049,2067.100098,2067.100098,34593133,2020-07-31
1221,2051.300049,2057,2003.099976,2009,2009,21559142,2020-08-03
1222,2020.599976,2167,2000.25,2150.600098,2150.600098,42476932,2020-08-04
1223,2169,2196,2118.300049,2126.449951,2126.449951,34404810,2020-08-05
1224,2157,2167.699951,2107.800049,2134.100098,2134.100098,22762545,2020-08-06
1225,2129.800049,2157.800049,2120.199951,2146.449951,2146.449951,15222303,2020-08-07
1226,2159.100098,2165,2108.100098,2119.850098,2119.850098,12441573,2020-08-10
1227,2134.800049,2160,2100.350098,2133.800049,2133.800049,21611256,2020-08-11
1228,2121,2145,2106.800049,2127.600098,2127.600098,13967116,2020-08-12
1229,2128,2138.899902,2110,2122.050049,2122.050049,11459190,2020-08-13
